STORE,REF,ACCOUNT,PO,CUSTOMER,ORDER DATE,ORDER AGE IN DAYS,VALUE,SHIP VIA,DATA REFRESH,order_status
HK,200145269,903205,62235-15_28532,Auto-Wares Warren,2024-01-10,1,18423.68,CPU,2024-01-11,[p-a] new numina - unreleased
HK,200145270,903285,GARY,Other,2024-01-10,1,0.0,FDXSA,2024-01-11,[q] pending release
HK,200145273,903685,03MU2515,E & Y Distributors,2024-01-10,1,2208.8,LTL,2024-01-11,[p-a] new numina - unreleased
HK,200145274,903685,01MU2517,E & Y Distributors,2024-01-10,1,3080.84,LTL,2024-01-11,[p-a] new numina - unreleased
HK,200145275,903670,65-05168,Factory Motor Parts,2024-01-10,1,19279.9,LTL,2024-01-11,[p-a] new numina - unreleased
HK,200145281,900003OH,214528724,Summit Racing,2024-01-10,1,5009.11,LTL,2024-01-11,[n] open in bp numina
HK,200145282,900003OH,114528524,Summit Racing,2024-01-10,1,3781.05,LTL,2024-01-11,[n] open in bp numina
HK,200145283,903205,53051-09_28630,Auto-Wares Warren,2024-01-10,1,12363.22,LTL,2024-01-11,[p-a] new numina - unreleased
HK,200145284,903460,200MM2354,Professional Parts Inc.,2024-01-10,1,4607.32,LTL,2024-01-11,[p-a] new numina - unreleased
HK,200145285,903205,52596-14_28639,Auto-Wares Warren,2024-01-10,1,12693.58,LTL,2024-01-11,[p-a] new numina - unreleased
HK,200145286,900086,0099BK6400,XL Parts,2024-01-10,1,20984.1,LTL,2024-01-11,[p-a] new numina - unreleased
HK,200145287,900086,0199BK6401,XL Parts,2024-01-10,1,16504.21,LTL,2024-01-11,[u-e] rectify non-stocked
HK,200145288,902700,4551ES,Lowe Automotive,2024-01-10,1,157.46,CPU,2024-01-11,[q] pending release
HK,200145292,900086,0499BK6402,XL Parts,2024-01-10,1,4281.09,LTL,2024-01-11,[p-a] new numina - unreleased
BP,108834191,902590,261525962,Rock Auto,2024-01-10,1,41.41,FDXG,2024-01-11,[r] rock auto sales PO
BP,108834192,902590,261527495,Rock Auto,2024-01-10,1,150.97,UPSG,2024-01-11,[r] rock auto sales PO
BP,108834194,902590,261527662,Rock Auto,2024-01-10,1,86.67,DHL,2024-01-11,[r] rock auto sales PO
BP,108834195,902590,261527833,Rock Auto,2024-01-10,1,264.83,FDXG,2024-01-11,[r] rock auto sales PO
BP,108834196,902590,261527894,Rock Auto,2024-01-10,1,79.11,FDXG,2024-01-11,[r] rock auto sales PO
BP,108834193,902590,261527533,Rock Auto,2024-01-10,1,159.57,UPSG,2024-01-11,[r] rock auto sales PO
BP,108834197,902590,261528417,Rock Auto,2024-01-10,1,113.45,FDXG,2024-01-11,[r] rock auto sales PO
BP,108834198,902590,261529417,Rock Auto,2024-01-10,1,346.88,FDXE,2024-01-11,[r] rock auto sales PO
BP,108834199,902590,261529674,Rock Auto,2024-01-10,1,129.98,FDXG,2024-01-11,[r] rock auto sales PO
BP,108834216,902590,261528260,Rock Auto,2024-01-10,1,59.47,FDXG,2024-01-11,[r] rock auto sales PO
BP,108834217,902590,261528306,Rock Auto,2024-01-10,1,67.84,USPS,2024-01-11,[r] rock auto sales PO
BP,108834218,902590,261528909,Rock Auto,2024-01-10,1,176.64,FDXG,2024-01-11,[r] rock auto sales PO
HK,200145294,903670,24-69421,Factory Motor Parts,2024-01-10,1,51828.1,LTL,2024-01-11,[u-e] rectify non-stocked
BP,108834219,902590,261528919,Rock Auto,2024-01-10,1,129.84,FDXG,2024-01-11,[r] rock auto sales PO
BP,108834220,902590,261526031,Rock Auto,2024-01-10,1,154.4,FDXG,2024-01-11,[r] rock auto sales PO
BP,108834221,902590,261526104,Rock Auto,2024-01-10,1,52.35,FDXG,2024-01-11,[r] rock auto sales PO
BP,108834222,902590,261526322,Rock Auto,2024-01-10,1,83.82,FDXG,2024-01-11,[r] rock auto sales PO
BP,108834223,902590,261526408,Rock Auto,2024-01-10,1,107.25,FDXG,2024-01-11,[r] rock auto sales PO
BP,108834224,902590,261526504,Rock Auto,2024-01-10,1,693.52,FDXG,2024-01-11,[r] rock auto sales PO
BP,108834225,902590,261526728,Rock Auto,2024-01-10,1,44.73,FDXG,2024-01-11,[r] rock auto sales PO
BP,108834281,900001,155035795,Carparts.com,2024-01-10,1,709.99,FDXG,2024-01-11,[w] printer 10 parcel
BP,108834299,903285,1044042,Other,2024-01-10,1,0.0,FDXG,2024-01-11,[w] printer 10 parcel
BP,108834331,903285,112-0114999-6240219,Other,2024-01-10,1,0.0,FDXG,2024-01-11,[w] printer 10 parcel
BP,108834332,903285,114-7524876-1125868,Other,2024-01-10,1,0.0,FDXG,2024-01-11,[w] printer 10 parcel
BP,108834359,903285,113-18765991-8390600,Other,2024-01-10,1,0.0,FDXG,2024-01-11,[w] printer 10 parcel
BP,108834361,903285,91690427,Other,2024-01-10,1,0.0,FDXSO,2024-01-11,[w] printer 10 parcel
BP,108834382,903285,112-1370943-3841819,Other,2024-01-10,1,0.0,FDX2D,2024-01-11,[q] pending release
BP,108834383,77,SR142727-1,Other,2024-01-10,1,0.0,FDX2D,2024-01-11,[q] pending release
HK,108834390,903260,400010277,Woodwards Auto Spring,2024-01-10,1,3680.31,LTL,2024-01-11,[p-a] new numina - unreleased
BP,108834420,903285,114-9530606-9677857,Other,2024-01-10,1,0.0,FDXG,2024-01-11,[w] printer 10 parcel
BP,108834473,902760,3936563,Turn 5 Inc,2024-01-10,1,28.06,FDXHD,2024-01-11,[d] canceled in numina
BP,108834478,903285,5621368/5568526,Other,2024-01-10,1,0.0,FDXSA,2024-01-11,[q] pending release
BP,108834503,903285,114-3522964-7758663,Other,2024-01-10,1,0.0,FDX2D,2024-01-11,[w] printer 10 parcel
BP,108834530,903285,CASH,Other,2024-01-10,1,0.0,FDXSO,2024-01-11,[w] printer 10 parcel
BP,108834544,902570,971325,Jegs,2024-01-10,1,181.68,FDXG,2024-01-11,[d] canceled in numina
BP,108834605,904160,23096448,PEPSICO FRITO-LAY,2024-01-10,1,497.64,LTL,2024-01-11,[q] pending release
BP,108834606,904160,23096449,PEPSICO FRITO-LAY,2024-01-10,1,1067.66,LTL,2024-01-11,[n] open in bp numina
BP,108834608,904160,23096854,PEPSICO FRITO-LAY,2024-01-10,1,402.86,LTL,2024-01-11,[n] open in bp numina
BP,108834616,903265,91875512,AutoZone,2024-01-10,1,56.48,FEDNP,2024-01-11,[b] errored out in bp
BP,108834619,903265,91875200,AutoZone,2024-01-10,1,3.82,FEDNP,2024-01-11,[b] errored out in bp
BP,108834628,903265,91875196,AutoZone,2024-01-10,1,34.65,FEDNP,2024-01-11,[b] errored out in bp
BP,108834630,903265,91875499,AutoZone,2024-01-10,1,87.7,FEDNP,2024-01-11,[b] errored out in bp
BP,108834633,903265,91876537,AutoZone,2024-01-10,1,13.86,FEDPO,2024-01-11,[q] pending release
BP,108834690,903265,91877612,AutoZone,2024-01-10,1,307.39,FEDNP,2024-01-11,[b] errored out in bp
BP,108834692,903265,91878727,AutoZone,2024-01-10,1,334.62,F02SD,2024-01-11,[b] errored out in bp
BP,108834698,903265,91878346,AutoZone,2024-01-10,1,684.7,F02SD,2024-01-11,[b] errored out in bp
BP,108834699,903265,91877421,AutoZone,2024-01-10,1,278.37,FEDNP,2024-01-11,[b] errored out in bp
BP,108834700,903265,91877777,AutoZone,2024-01-10,1,12.77,FEDNP,2024-01-11,[b] errored out in bp
BP,108834703,903265,91878005,AutoZone,2024-01-10,1,105.34,FEDNP,2024-01-11,[b] errored out in bp
BP,108834705,903265,91878241,AutoZone,2024-01-10,1,70.6,FEDNP,2024-01-11,[b] errored out in bp
BP,108834707,903265,91876937,AutoZone,2024-01-10,1,104.02,FEDNP,2024-01-11,[b] errored out in bp
BP,108834709,903265,91877990,AutoZone,2024-01-10,1,22.11,FEDNP,2024-01-11,[b] errored out in bp
BP,108834710,903265,91877107,AutoZone,2024-01-10,1,138.05,FEDNP,2024-01-11,[b] errored out in bp
BP,108834712,903265,91876904,AutoZone,2024-01-10,1,145.31,FEDNP,2024-01-11,[b] errored out in bp
BP,108834713,903265,91878263,AutoZone,2024-01-10,1,94.46,FEDNP,2024-01-11,[b] errored out in bp
BP,108834714,903265,91878874,AutoZone,2024-01-10,1,11.99,FEDNP,2024-01-11,[b] errored out in bp
BP,108834715,903265,91878835,AutoZone,2024-01-10,1,898.77,FEDNP,2024-01-11,[b] errored out in bp
BP,108834719,903265,91878710,AutoZone,2024-01-10,1,125.76,FEDNP,2024-01-11,[b] errored out in bp
BP,108834720,903265,91877994,AutoZone,2024-01-10,1,56.72,FEDNP,2024-01-11,[b] errored out in bp
BP,108834722,903265,91878035,AutoZone,2024-01-10,1,82.04,FEDNP,2024-01-11,[b] errored out in bp
BP,108834737,903285,112-6309613-4106604,Other,2024-01-10,1,0.0,FDXSO,2024-01-11,[q] pending release
BP,108834760,903063,JOY WHEELER,Other,2024-01-10,1,394.68,PICK UP,2024-01-11,[w] printer 10 parcel
BP,108834763,903265,91879305,AutoZone,2024-01-10,1,144.29,FEDNP,2024-01-11,[b] errored out in bp
BP,108834767,903265,91880491,AutoZone,2024-01-10,1,78.83,FEDNP,2024-01-11,[b] errored out in bp
BP,108834769,903265,91880605,AutoZone,2024-01-10,1,360.09,F02SD,2024-01-11,[b] errored out in bp
BP,108834770,903265,91880304,AutoZone,2024-01-10,1,259.97,FEDNP,2024-01-11,[b] errored out in bp
BP,108834765,903265,91879494,AutoZone,2024-01-10,1,74.44,FEDNP,2024-01-11,[b] errored out in bp
BP,108834766,903265,91879206,AutoZone,2024-01-10,1,14.7,FEDNP,2024-01-11,[b] errored out in bp
BP,108834772,903265,91879907,AutoZone,2024-01-10,1,284.04,FEDNP,2024-01-11,[b] errored out in bp
BP,108834773,903265,91880736,AutoZone,2024-01-10,1,32.38,FEDNP,2024-01-11,[b] errored out in bp
BP,108834775,903265,91880583,AutoZone,2024-01-10,1,62.99,FEDNP,2024-01-11,[b] errored out in bp
BP,108834781,903265,91880587,AutoZone,2024-01-10,1,57.1,FEDNP,2024-01-11,[b] errored out in bp
BP,108834788,903265,91880020,AutoZone,2024-01-10,1,16.97,FEDNP,2024-01-11,[b] errored out in bp
BP,108834789,903265,91879417,AutoZone,2024-01-10,1,144.08,FEDNP,2024-01-11,[b] errored out in bp
BP,108834791,903265,91880956,AutoZone,2024-01-10,1,130.93,FEDNP,2024-01-11,[b] errored out in bp
BP,108834774,903265,91879709,AutoZone,2024-01-10,1,80.69,FEDNP,2024-01-11,[b] errored out in bp
BP,108834794,903265,91879215,AutoZone,2024-01-10,1,16.9,FEDNP,2024-01-11,[b] errored out in bp
BP,108834799,903265,91880746,AutoZone,2024-01-10,1,158.0,FEDNP,2024-01-11,[b] errored out in bp
BP,108834823,903285,111-5997751-1489829,Other,2024-01-10,1,0.0,FDXSO,2024-01-11,[w] printer 10 parcel
BP,108834826,903915,139945D,TDOT Performance,2024-01-10,1,252.15,UPSG,2024-01-11,[q] pending release
BP,108834848,902590,261572417,Rock Auto,2024-01-10,1,610.02,FDXG,2024-01-11,[r] rock auto sales PO
BP,108834853,903915,158291A,TDOT Performance,2024-01-10,1,230.6,UPSG,2024-01-11,[q] pending release
BP,108834854,903915,161408A,TDOT Performance,2024-01-10,1,67.91,UPSG,2024-01-11,[q] pending release
BP,108834855,903915,161414A,TDOT Performance,2024-01-10,1,517.14,UPSG,2024-01-11,[q] pending release
BP,108834856,903915,US804180A,TDOT Performance,2024-01-10,1,5.76,UPSG,2024-01-11,[q] pending release
BP,108834857,903915,US804185A,TDOT Performance,2024-01-10,1,106.72,UPSG,2024-01-11,[q] pending release
BP,108834858,903285,E100809101,Other,2024-01-10,1,0.0,LABEL,2024-01-11,[q] pending release
BP,108834859,903265,91882684,AutoZone,2024-01-10,1,22.38,FEDNP,2024-01-11,[b] errored out in bp
BP,108834863,903265,91883362,AutoZone,2024-01-10,1,79.2,FEDNP,2024-01-11,[b] errored out in bp
BP,108834866,903265,91882354,AutoZone,2024-01-10,1,7.28,FEDNP,2024-01-11,[b] errored out in bp
BP,108834867,903265,91882163,AutoZone,2024-01-10,1,45.78,FEDNP,2024-01-11,[b] errored out in bp
BP,108834868,902760,3937059,Turn 5 Inc,2024-01-10,1,201.41,FDXHD,2024-01-11,[b] errored out in bp
BP,108834870,903265,91882079,AutoZone,2024-01-10,1,83.56,FEDNP,2024-01-11,[b] errored out in bp
BP,108834871,903265,91881533,AutoZone,2024-01-10,1,7.35,FEDNP,2024-01-11,[b] errored out in bp
BP,108834872,903265,91883155,AutoZone,2024-01-10,1,50.7,FEDNP,2024-01-11,[b] errored out in bp
BP,108834875,903265,91883068,AutoZone,2024-01-10,1,31.96,FEDNP,2024-01-11,[b] errored out in bp
BP,108834926,903265,91884969,AutoZone,2024-01-10,1,70.48,FEDNP,2024-01-11,[b] errored out in bp
BP,108834928,903265,91884593,AutoZone,2024-01-10,1,85.05,FEDNP,2024-01-11,[b] errored out in bp
BP,108834930,903265,91885765,AutoZone,2024-01-10,1,88.76,FEDNP,2024-01-11,[b] errored out in bp
BP,108834935,903265,91885507,AutoZone,2024-01-10,1,215.7,FEDNP,2024-01-11,[b] errored out in bp
BP,108834936,903265,91885583,AutoZone,2024-01-10,1,309.21,FEDNP,2024-01-11,[b] errored out in bp
BP,108834937,903265,91885118,AutoZone,2024-01-10,1,28.07,FEDNP,2024-01-11,[b] errored out in bp
BP,108834938,903265,91885616,AutoZone,2024-01-10,1,169.54,FEDNP,2024-01-11,[b] errored out in bp
BP,108834939,903265,91884247,AutoZone,2024-01-10,1,61.74,FEDNP,2024-01-11,[b] errored out in bp
BP,108834940,903265,91885253,AutoZone,2024-01-10,1,155.66,FEDNP,2024-01-11,[b] errored out in bp
BP,108834944,903265,91885196,AutoZone,2024-01-10,1,78.29,FEDNP,2024-01-11,[b] errored out in bp
BP,108834946,903265,91885494,AutoZone,2024-01-10,1,81.62,FEDNP,2024-01-11,[b] errored out in bp
BP,108834948,903265,91885179,AutoZone,2024-01-10,1,85.05,FEDNP,2024-01-11,[b] errored out in bp
BP,108834950,903265,91884062,AutoZone,2024-01-10,1,214.82,FEDNP,2024-01-11,[b] errored out in bp
BP,108834954,903265,91884224,AutoZone,2024-01-10,1,132.8,FEDNP,2024-01-11,[b] errored out in bp
BP,108834955,903265,91884714,AutoZone,2024-01-10,1,69.8,FEDNP,2024-01-11,[b] errored out in bp
BP,108835002,902590,261583429,Rock Auto,2024-01-10,1,138.07,FDXG,2024-01-11,[r] rock auto sales PO
BP,108835018,903265,91886905,AutoZone,2024-01-10,1,54.43,FEDNP,2024-01-11,[b] errored out in bp
BP,108835023,903265,91885964,AutoZone,2024-01-10,1,244.27,FEDNP,2024-01-11,[b] errored out in bp
BP,108835024,903265,91886275,AutoZone,2024-01-10,1,121.05,FEDNP,2024-01-11,[b] errored out in bp
BP,108835026,903265,91887553,AutoZone,2024-01-10,1,14.67,FEDNP,2024-01-11,[b] errored out in bp
BP,108835027,903265,91886507,AutoZone,2024-01-10,1,159.27,FEDNP,2024-01-11,[b] errored out in bp
BP,108835028,903265,91886124,AutoZone,2024-01-10,1,101.34,FEDNP,2024-01-11,[b] errored out in bp
BP,108835035,903265,91886901,AutoZone,2024-01-10,1,60.54,FEDNP,2024-01-11,[b] errored out in bp
BP,108835037,903265,91887317,AutoZone,2024-01-10,1,83.1,FEDNP,2024-01-11,[b] errored out in bp
BP,108835038,903265,91887374,AutoZone,2024-01-10,1,143.82,FEDNP,2024-01-11,[b] errored out in bp
BP,108835039,903265,91886900,AutoZone,2024-01-10,1,54.43,FEDNP,2024-01-11,[b] errored out in bp
BP,108835096,903265,91888277,AutoZone,2024-01-10,1,260.68,FEDNP,2024-01-11,[b] errored out in bp
BP,108835097,903265,91888586,AutoZone,2024-01-10,1,78.83,FEDNP,2024-01-11,[b] errored out in bp
BP,108835098,903265,91888349,AutoZone,2024-01-10,1,135.38,FEDNP,2024-01-11,[b] errored out in bp
BP,108835099,903265,91888350,AutoZone,2024-01-10,1,110.45,FEDNP,2024-01-11,[b] errored out in bp
BP,108835105,903265,91887924,AutoZone,2024-01-10,1,183.53,FEDNP,2024-01-11,[b] errored out in bp
BP,108835107,903265,91888805,AutoZone,2024-01-10,1,124.51,FEDNP,2024-01-11,[b] errored out in bp
BP,108835108,903265,91888017,AutoZone,2024-01-10,1,270.37,FEDNP,2024-01-11,[b] errored out in bp
BP,108835111,903265,91888004,AutoZone,2024-01-10,1,150.25,FEDNP,2024-01-11,[b] errored out in bp
BP,108835112,903265,91888494,AutoZone,2024-01-10,1,260.68,FEDNP,2024-01-11,[b] errored out in bp
BP,108835113,903265,91887765,AutoZone,2024-01-10,1,105.46,FEDNP,2024-01-11,[b] errored out in bp
BP,108835021,903265,91886899,AutoZone,2024-01-10,1,60.54,FEDNP,2024-01-11,[b] errored out in bp
BP,108835022,903265,91887299,AutoZone,2024-01-10,1,111.28,FEDNP,2024-01-11,[b] errored out in bp
BP,108835115,903265,91888598,AutoZone,2024-01-10,1,237.55,FEDNP,2024-01-11,[b] errored out in bp
BP,108835116,903265,91887752,AutoZone,2024-01-10,1,51.75,FEDNP,2024-01-11,[b] errored out in bp
BP,108835117,903265,91888124,AutoZone,2024-01-10,1,211.85,FEDNP,2024-01-11,[b] errored out in bp
BP,108835118,903265,91888500,AutoZone,2024-01-10,1,51.69,FEDNP,2024-01-11,[b] errored out in bp
BP,108835119,903265,91887982,AutoZone,2024-01-10,1,14.67,FEDNP,2024-01-11,[b] errored out in bp
BP,108835161,902570,974270,Jegs,2024-01-10,1,239.64,FDXG,2024-01-11,[d] canceled in numina
BP,108835162,903265,91890010,AutoZone,2024-01-10,1,69.62,FEDNP,2024-01-11,[b] errored out in bp
BP,108835163,903265,91889138,AutoZone,2024-01-10,1,129.91,FEDNP,2024-01-11,[b] errored out in bp
BP,108835164,903265,91890006,AutoZone,2024-01-10,1,298.89,FEDNP,2024-01-11,[b] errored out in bp
BP,108835166,903265,91889686,AutoZone,2024-01-10,1,213.56,FEDNP,2024-01-11,[b] errored out in bp
BP,108835167,903265,91889175,AutoZone,2024-01-10,1,63.61,FEDNP,2024-01-11,[b] errored out in bp
BP,108835168,903265,91889863,AutoZone,2024-01-10,1,199.21,FEDNP,2024-01-11,[b] errored out in bp
BP,108835171,903265,91889560,AutoZone,2024-01-10,1,212.54,FEDNP,2024-01-11,[b] errored out in bp
BP,108835172,903265,91889841,AutoZone,2024-01-10,1,94.05,FEDNP,2024-01-11,[b] errored out in bp
BP,108835173,903265,91889767,AutoZone,2024-01-10,1,25.63,FEDNP,2024-01-11,[b] errored out in bp
BP,108835176,903265,91889638,AutoZone,2024-01-10,1,79.2,FEDNP,2024-01-11,[b] errored out in bp
BP,108835178,903265,91889093,AutoZone,2024-01-10,1,91.98,FEDNP,2024-01-11,[b] errored out in bp
BP,108835179,903265,91889759,AutoZone,2024-01-10,1,227.06,FEDNP,2024-01-11,[b] errored out in bp
BP,108835221,903265,91890121,AutoZone,2024-01-10,1,141.93,FEDNP,2024-01-11,[b] errored out in bp
BP,108835222,903265,91890599,AutoZone,2024-01-10,1,121.91,FEDNP,2024-01-11,[b] errored out in bp
BP,108835223,903265,91890420,AutoZone,2024-01-10,1,179.77,FEDNP,2024-01-11,[b] errored out in bp
BP,108835224,903265,91890131,AutoZone,2024-01-10,1,222.37,FEDNP,2024-01-11,[b] errored out in bp
BP,108835227,903265,91890284,AutoZone,2024-01-10,1,100.09,FEDNP,2024-01-11,[b] errored out in bp
BP,108835228,903265,91890623,AutoZone,2024-01-10,1,200.63,FEDNP,2024-01-11,[b] errored out in bp
BP,108835229,903265,91890122,AutoZone,2024-01-10,1,81.32,FEDNP,2024-01-11,[b] errored out in bp
BP,108835240,903265,91890589,AutoZone,2024-01-10,1,133.84,FEDNP,2024-01-11,[b] errored out in bp
BP,108835243,903265,91890178,AutoZone,2024-01-10,1,391.26,F02SD,2024-01-11,[b] errored out in bp
BP,108835244,903265,91890424,AutoZone,2024-01-10,1,145.31,FEDNP,2024-01-11,[b] errored out in bp
BP,108835232,903265,91890562,AutoZone,2024-01-10,1,169.73,FEDNP,2024-01-11,[b] errored out in bp
BP,108835247,903265,91890111,AutoZone,2024-01-10,1,63.36,FEDNP,2024-01-11,[b] errored out in bp
BP,108835265,902930,QBKMXr9Qb,Amazon,2024-01-10,1,0.0,UPSG,2024-01-11,[u-e] rectify non-stocked
BP,108835273,902590,261601875,Rock Auto,2024-01-10,1,289.83,UPSG,2024-01-11,[r] rock auto sales PO
BP,108835274,902590,261601881,Rock Auto,2024-01-10,1,331.7,FDXG,2024-01-11,[r] rock auto sales PO
BP,108835275,902590,261601802,Rock Auto,2024-01-10,1,137.62,FDXG,2024-01-11,[r] rock auto sales PO
BP,108835276,902590,261602135,Rock Auto,2024-01-10,1,153.09,FDXG,2024-01-11,[r] rock auto sales PO
BP,108835277,902590,261602166,Rock Auto,2024-01-10,1,314.39,FDXG,2024-01-11,[r] rock auto sales PO
BP,108835278,902590,261602306,Rock Auto,2024-01-10,1,255.05,FDXG,2024-01-11,[r] rock auto sales PO
BP,108835280,902590,261602375,Rock Auto,2024-01-10,1,371.23,FDXG,2024-01-11,[r] rock auto sales PO
BP,108835284,902590,261602780,Rock Auto,2024-01-10,1,84.74,UPSG,2024-01-11,[r] rock auto sales PO
BP,108835286,902590,261602983,Rock Auto,2024-01-10,1,180.61,FDXG,2024-01-11,[r] rock auto sales PO
BP,108835298,900001,155082773,Carparts.com,2024-01-10,1,93.53,FDXG,2024-01-11,[q] pending release
BP,108835299,903265,91890791,AutoZone,2024-01-10,1,197.86,FEDNP,2024-01-11,[b] errored out in bp
BP,108835300,902670,49987118-4CSUJZ,CarID,2024-01-10,1,80.32,FDXHD,2024-01-11,[q] pending release
BP,108835301,903265,91890764,AutoZone,2024-01-10,1,165.15,FEDNP,2024-01-11,[b] errored out in bp
BP,108835295,900001,155082367,Carparts.com,2024-01-10,1,51.99,FDXG,2024-01-11,[q] pending release
BP,108835296,903265,91890715,AutoZone,2024-01-10,1,86.61,FEDNP,2024-01-11,[b] errored out in bp
BP,108835302,903265,91890735,AutoZone,2024-01-10,1,179.39,FEDNP,2024-01-11,[b] errored out in bp
BP,108835303,903265,91890776,AutoZone,2024-01-10,1,61.41,FEDNP,2024-01-11,[b] errored out in bp
BP,108835304,902530,Q4FbgTQmb,Amazon-Callahan,2024-01-10,1,88.39,UPSG,2024-01-11,[k] amazon dropship
BP,108835305,900001,155082486,Carparts.com,2024-01-10,1,37.09,FDXG,2024-01-11,[q] pending release
BP,108835306,902530,QsBrkc9vb,Amazon-Callahan,2024-01-10,1,139.03,UPSG,2024-01-11,[k] amazon dropship
BP,108835307,902590,261604445,Rock Auto,2024-01-10,1,283.54,FDXG,2024-01-11,[r] rock auto sales PO
BP,108835308,902590,261604442,Rock Auto,2024-01-10,1,58.02,FDXG,2024-01-11,[r] rock auto sales PO
BP,108835309,902590,261604725,Rock Auto,2024-01-10,1,92.72,FDXG,2024-01-11,[r] rock auto sales PO
BP,108835310,902590,261604941,Rock Auto,2024-01-10,1,683.38,FDXG,2024-01-11,[r] rock auto sales PO
BP,108835311,902590,261604974,Rock Auto,2024-01-10,1,109.43,FDXG,2024-01-11,[r] rock auto sales PO
BP,108835312,902590,261604969,Rock Auto,2024-01-10,1,105.49,FDXG,2024-01-11,[r] rock auto sales PO
BP,108835313,902590,261605242,Rock Auto,2024-01-10,1,127.33,FDXG,2024-01-11,[r] rock auto sales PO
BP,108835314,902590,261605328,Rock Auto,2024-01-10,1,134.63,FDXG,2024-01-11,[r] rock auto sales PO
BP,108835315,902590,261605332,Rock Auto,2024-01-10,1,207.43,FDXG,2024-01-11,[r] rock auto sales PO
BP,108835316,902590,261605474,Rock Auto,2024-01-10,1,89.81,FDXG,2024-01-11,[r] rock auto sales PO
BP,108835317,902930,Q7v1XW9sb,Amazon,2024-01-10,1,536.46,UPSG,2024-01-11,[n] open in bp numina
BP,108835318,900001,155084589,Carparts.com,2024-01-10,1,166.37,FDXG,2024-01-11,[q] pending release
BP,108835319,900001,155083757,Carparts.com,2024-01-10,1,57.64,FDXG,2024-01-11,[q] pending release
BP,108835320,902930,Qfx2YJ9Tb,Amazon,2024-01-10,1,227.01,UPSG,2024-01-11,[k] amazon dropship
BP,108835321,902530,Qhvb9F9zb,Amazon-Callahan,2024-01-10,1,97.87,UPSG,2024-01-11,[k] amazon dropship
BP,108835322,900001,155083495,Carparts.com,2024-01-10,1,107.55,FDXG,2024-01-11,[q] pending release
BP,108835323,902590,261605754,Rock Auto,2024-01-10,1,113.49,UPSG,2024-01-11,[r] rock auto sales PO
BP,108835324,902590,261605708,Rock Auto,2024-01-10,1,225.65,DHL,2024-01-11,[r] rock auto sales PO
BP,108835325,902590,261606029,Rock Auto,2024-01-10,1,105.92,FDXG,2024-01-11,[r] rock auto sales PO
BP,108835326,902590,261606531,Rock Auto,2024-01-10,1,205.34,FDXG,2024-01-11,[r] rock auto sales PO
BP,108835328,902590,261606782,Rock Auto,2024-01-10,1,39.98,FDXE,2024-01-11,[r] rock auto sales PO
BP,108835329,902590,261606936,Rock Auto,2024-01-10,1,40.15,FDXG,2024-01-11,[r] rock auto sales PO
BP,108835330,902590,261607041,Rock Auto,2024-01-10,1,1135.84,FDXG,2024-01-11,[r] rock auto sales PO
BP,108835327,902590,261606614,Rock Auto,2024-01-10,1,136.87,UPSG,2024-01-11,[r] rock auto sales PO
BP,108835332,903265,91891114,AutoZone,2024-01-10,1,133.84,FEDNP,2024-01-11,[b] errored out in bp
BP,108835333,903265,91891112,AutoZone,2024-01-10,1,187.92,FEDNP,2024-01-11,[b] errored out in bp
BP,108835334,903265,91891196,AutoZone,2024-01-10,1,95.24,FEDNP,2024-01-11,[b] errored out in bp
BP,108835335,903265,91891168,AutoZone,2024-01-10,1,41.78,FEDNP,2024-01-11,[b] errored out in bp
BP,108835336,903265,91891138,AutoZone,2024-01-10,1,16.64,FEDNP,2024-01-11,[b] errored out in bp
BP,108835337,903265,91891118,AutoZone,2024-01-10,1,124.14,FEDNP,2024-01-11,[b] errored out in bp
BP,108835338,903265,91891075,AutoZone,2024-01-10,1,332.53,F02SD,2024-01-11,[b] errored out in bp
BP,108835331,902590,261607003,Rock Auto,2024-01-10,1,105.74,UPSG,2024-01-11,[r] rock auto sales PO
BP,108835339,903265,91891110,AutoZone,2024-01-10,1,241.16,FEDNP,2024-01-11,[b] errored out in bp
BP,108835340,903265,91891074,AutoZone,2024-01-10,1,67.12,FEDNP,2024-01-11,[b] errored out in bp
BP,108835341,902670,49987181-4CSX5H,CarID,2024-01-10,1,774.15,FDXG,2024-01-11,[n] open in bp numina
BP,108835342,903265,91891169,AutoZone,2024-01-10,1,46.42,FEDNP,2024-01-11,[b] errored out in bp
BP,108835343,902590,261607277,Rock Auto,2024-01-10,1,78.25,FDXG,2024-01-11,[r] rock auto sales PO
BP,108835344,902590,261607607,Rock Auto,2024-01-10,1,41.41,FDXG,2024-01-11,[r] rock auto sales PO
BP,108835345,902590,261607913,Rock Auto,2024-01-10,1,84.4,FDXG,2024-01-11,[r] rock auto sales PO
BP,108835346,902590,261607907,Rock Auto,2024-01-10,1,180.97,UPSG,2024-01-11,[r] rock auto sales PO
BP,108835347,902590,261608104,Rock Auto,2024-01-10,1,53.11,FDXG,2024-01-11,[r] rock auto sales PO
BP,108835348,902590,261608331,Rock Auto,2024-01-10,1,141.86,UPSG,2024-01-11,[r] rock auto sales PO
BP,108835349,902590,261608416,Rock Auto,2024-01-10,1,184.13,UPSG,2024-01-11,[r] rock auto sales PO
BP,108835350,902590,261608597,Rock Auto,2024-01-10,1,164.18,FDXG,2024-01-11,[r] rock auto sales PO
BP,108835351,900001,155086223,Carparts.com,2024-01-10,1,72.43,FDXG,2024-01-11,[n] open in bp numina
BP,108835352,900710,9114866-1,Buy Brakes,2024-01-10,1,122.41,UPSG,2024-01-11,[q] pending release
BP,108835353,904030,100643882,Parts Geek,2024-01-10,1,111.5,FDXHD,2024-01-11,[q] pending release
BP,108835354,902590,261608830,Rock Auto,2024-01-10,1,257.06,FDXG,2024-01-11,[r] rock auto sales PO
BP,108835355,902590,261609216,Rock Auto,2024-01-10,1,64.47,FDXG,2024-01-11,[r] rock auto sales PO
BP,108835356,902590,261609317,Rock Auto,2024-01-10,1,138.51,UPSG,2024-01-11,[r] rock auto sales PO
BP,108835357,902590,261609388,Rock Auto,2024-01-10,1,478.47,FDXG,2024-01-11,[r] rock auto sales PO
BP,108835358,902590,261609567,Rock Auto,2024-01-10,1,169.33,FDXG,2024-01-11,[r] rock auto sales PO
BP,108835359,902590,261609641,Rock Auto,2024-01-10,1,68.15,FDXG,2024-01-11,[r] rock auto sales PO
BP,108835360,902590,261609703,Rock Auto,2024-01-10,1,153.49,FDXG,2024-01-11,[r] rock auto sales PO
BP,108835361,900001,155086967,Carparts.com,2024-01-10,1,189.62,FDXG,2024-01-11,[n] open in bp numina
BP,108835362,902930,QBQm819Nb,Amazon,2024-01-10,1,83.76,UPSG,2024-01-11,[k] amazon dropship
BP,108835363,904030,100644931,Parts Geek,2024-01-10,1,230.02,FDXHD,2024-01-11,[n] open in bp numina
BP,108835364,900001,155086845,Carparts.com,2024-01-10,1,230.12,FDXG,2024-01-11,[q] pending release
BP,108835365,900001,155086863,Carparts.com,2024-01-10,1,395.26,FDXG,2024-01-11,[q] pending release
BP,108835366,900001,155086839,Carparts.com,2024-01-10,1,58.85,FDXG,2024-01-11,[q] pending release
BP,108835367,904030,100645072,Parts Geek,2024-01-10,1,162.37,FDXHD,2024-01-11,[q] pending release
BP,108835368,902590,261609761,Rock Auto,2024-01-10,1,144.16,FDXG,2024-01-11,[r] rock auto sales PO
BP,108835369,902590,261610000,Rock Auto,2024-01-10,1,145.22,UPSG,2024-01-11,[r] rock auto sales PO
BP,108835370,902590,261610496,Rock Auto,2024-01-10,1,243.32,FDXG,2024-01-11,[r] rock auto sales PO
HK,200145295,903670,24-69420,Factory Motor Parts,2024-01-10,1,45204.41,LTL,2024-01-11,[p-a] new numina - unreleased
HK,200145296,903670,316-00157,Factory Motor Parts,2024-01-10,1,3198.19,LTL,2024-01-11,[p-a] new numina - unreleased
HK,200145297,903670,24-69419,Factory Motor Parts,2024-01-10,1,77849.71,LTL,2024-01-11,[p-a] new numina - unreleased
HK,200145250,904050,01QD5653,Delcoline Inc.,2024-01-10,1,7663.53,LTL,2024-01-11,[p-a] new numina - unreleased
HK,200145251,903400,05NL9856,Autopro LLC,2024-01-10,1,3025.53,LTL,2024-01-11,[p-a] new numina - unreleased
HK,200145252,903900,R0003-41271,Nolt's Auto Parts,2024-01-10,1,2755.9,,2024-01-11,[p-a] new numina - unreleased
HK,200145253,903900,R0005-36721,Nolt's Auto Parts,2024-01-10,1,1389.22,,2024-01-11,[p-a] new numina - unreleased
HK,200145254,903900,R0004-40365,Nolt's Auto Parts,2024-01-10,1,5453.27,,2024-01-11,[p-a] new numina - unreleased
HK,200145255,903900,R0001-29064,Nolt's Auto Parts,2024-01-10,1,7638.6,,2024-01-11,[p-a] new numina - unreleased
HK,200145256,903900,R0006-42661,Nolt's Auto Parts,2024-01-10,1,4708.15,,2024-01-11,[p-a] new numina - unreleased
HK,200145257,903900,R0008-28904,Nolt's Auto Parts,2024-01-10,1,1138.33,,2024-01-11,[p-a] new numina - unreleased
HK,200145258,903900,R0002-35245,Nolt's Auto Parts,2024-01-10,1,3248.58,,2024-01-11,[p-a] new numina - unreleased
HK,200145259,903900,R0007-40804,Nolt's Auto Parts,2024-01-10,1,8762.02,,2024-01-11,[p-a] new numina - unreleased
HK,200145261,900120,2001NM9620,TPH Holdings,2024-01-10,1,19154.26,LTL,2024-01-11,[p-a] new numina - unreleased
HK,200145262,903565,1-174967,Eastern Auto Parts Warehouse,2024-01-10,1,52177.59,,2024-01-11,[p-a] new numina - unreleased
HK,200145265,903205,62231-15_28490,Auto-Wares Warren,2024-01-10,1,24380.64,CPU,2024-01-11,[p-a] new numina - unreleased
HK,200145266,900120,2299NM9658,TPH Holdings,2024-01-10,1,5194.02,LTL,2024-01-11,[p-a] new numina - unreleased
HK,200145268,900120,2105NM9642,TPH Holdings,2024-01-10,1,23942.9,LTL,2024-01-11,[p-a] new numina - unreleased
HK,200145180,900066,79IYA4KL,Amazon,2024-01-09,2,2785.42,LTL,2024-01-11,[p-a] new numina - unreleased
HK,200145116,900066,3ZDQPFGK,Amazon,2024-01-09,2,34278.21,LTL,2024-01-11,[p-a] new numina - unreleased
HK,200145179,900066,7HUC3WDC,Amazon,2024-01-09,2,1370.75,LTL,2024-01-11,[p-a] new numina - unreleased
HK,200145176,900066,73YOGRZS,Amazon,2024-01-09,2,12343.44,LTL,2024-01-11,[p-a] new numina - unreleased
HK,200145178,900066,3APBLFER,Amazon,2024-01-09,2,8241.78,LTL,2024-01-11,[p-a] new numina - unreleased
HK,200145115,900066,3M4NCUZG,Amazon,2024-01-09,2,1020.7,LTL,2024-01-11,[p-a] new numina - unreleased
HK,200145177,900066,7MS2MO1P,Amazon,2024-01-09,2,2037.35,LTL,2024-01-11,[p-a] new numina - unreleased
HK,200145114,900066,8MU8WAPZ,Amazon,2024-01-09,2,3142.85,LTL,2024-01-11,[p-a] new numina - unreleased
HK,200145113,900066,7WNEWS8S,Amazon,2024-01-09,2,3444.31,LTL,2024-01-11,[p-a] new numina - unreleased
HK,200145112,900066,8Z1KEEIU,Amazon,2024-01-09,2,17872.67,LTL,2024-01-11,[p-a] new numina - unreleased
HK,200145175,900066,32JAGBRD,Amazon,2024-01-09,2,24670.85,LTL,2024-01-11,[p-a] new numina - unreleased
HK,200145174,900066,3CUUCBPJ,Amazon,2024-01-09,2,13765.07,LTL,2024-01-11,[p-a] new numina - unreleased
HK,200145111,900066,7BZA5SCG,Amazon,2024-01-09,2,14923.0,LTL,2024-01-11,[p-a] new numina - unreleased
HK,200145173,900066,8Y9KNQBO,Amazon,2024-01-09,2,5248.17,LTL,2024-01-11,[p-a] new numina - unreleased
HK,200145172,900066,7JEBK8RO,Amazon,2024-01-09,2,12048.07,LTL,2024-01-11,[p-a] new numina - unreleased
HK,200145110,900066,3QVXFJDT,Amazon,2024-01-09,2,10907.13,LTL,2024-01-11,[p-a] new numina - unreleased
HK,200145170,900066,7N3TRGHS,Amazon,2024-01-09,2,38314.81,LTL,2024-01-11,[p-a] new numina - unreleased
HK,200145171,900066,74L8QCWY,Amazon,2024-01-09,2,1822.86,LTL,2024-01-11,[p-a] new numina - unreleased
HK,200145109,900066,7ZKXECQQ,Amazon,2024-01-09,2,36323.58,LTL,2024-01-11,[p-a] new numina - unreleased
HK,200145169,900066,39XBUR7L,Amazon,2024-01-09,2,3439.57,LTL,2024-01-11,[p-a] new numina - unreleased
HK,200145108,900066,7XFENGFY,Amazon,2024-01-09,2,21221.6,LTL,2024-01-11,[p-a] new numina - unreleased
HK,200145168,900066,53FT8BDY,Amazon,2024-01-09,2,2126.96,LTL,2024-01-11,[p-a] new numina - unreleased
HK,200145167,900066,5B5MRJ9J,Amazon,2024-01-09,2,2045.51,LTL,2024-01-11,[p-a] new numina - unreleased
HK,200145166,900066,7J3JFGBL,Amazon,2024-01-09,2,1523.52,LTL,2024-01-11,[p-a] new numina - unreleased
HK,200145165,900066,7IMBTKKI,Amazon,2024-01-09,2,4360.37,LTL,2024-01-11,[p-a] new numina - unreleased
HK,200145164,900066,3RYPAZ1C,Amazon,2024-01-09,2,31870.13,LTL,2024-01-11,[p-a] new numina - unreleased
HK,200145107,900066,8EDFMEMI,Amazon,2024-01-09,2,2327.83,LTL,2024-01-11,[p-a] new numina - unreleased
HK,200145106,900066,8AD5AEGB,Amazon,2024-01-09,2,5424.32,LTL,2024-01-11,[p-a] new numina - unreleased
HK,200145223,900066,8RBQU6MJ,Amazon,2024-01-09,2,1527.51,LTL,2024-01-11,[p-a] new numina - unreleased
HK,200145245,902590,261513059,Rock Auto,2024-01-09,2,14.54,UPSG,2024-01-11,[x] rock auto transfer PO
HK,200145105,900066,8F5FD2TO,Amazon,2024-01-09,2,9922.68,LTL,2024-01-11,[p-a] new numina - unreleased
HK,200145220,903950,01NK8669,TBA & Oil Warehouse,2024-01-09,2,15992.2,LTL,2024-01-11,[p-a] new numina - unreleased
HK,200145104,900066,7B8AF55A,Amazon,2024-01-09,2,43764.22,LTL,2024-01-11,[p-a] new numina - unreleased
HK,200145163,900066,3OA73RBY,Amazon,2024-01-09,2,12638.02,LTL,2024-01-11,[p-a] new numina - unreleased
HK,200145219,903295,02PO107620,TRI-State Enterprises,2024-01-09,2,45912.43,LTL,2024-01-11,[u-e] rectify non-stocked
HK,200145102,900066,7TPVG8PU,Amazon,2024-01-09,2,14788.8,LTL,2024-01-11,[p-a] new numina - unreleased
HK,200145161,900066,8PGZ92RU,Amazon,2024-01-09,2,12256.41,LTL,2024-01-11,[p-a] new numina - unreleased
HK,200145103,900066,3ZOIU7WN,Amazon,2024-01-09,2,3750.86,LTL,2024-01-11,[p-a] new numina - unreleased
HK,200145162,900066,5Q9HQ7KC,Amazon,2024-01-09,2,7271.62,LTL,2024-01-11,[p-a] new numina - unreleased
HK,200145078,900066,7OHDROLE,Amazon,2024-01-09,2,4310.39,LTL,2024-01-11,[p-a] new numina - unreleased
HK,200145147,900066,83Q3LM8Z,Amazon,2024-01-09,2,17375.59,LTL,2024-01-11,[p-a] new numina - unreleased
HK,200145199,900066,3KKNVJLU,Amazon,2024-01-09,2,16177.45,LTL,2024-01-11,[p-a] new numina - unreleased
HK,200145079,900066,8J5PP2ZV,Amazon,2024-01-09,2,11351.73,LTL,2024-01-11,[p-a] new numina - unreleased
HK,200145077,900066,38UJZBJC,Amazon,2024-01-09,2,10028.98,LTL,2024-01-11,[p-a] new numina - unreleased
HK,200145146,900066,3561S3TY,Amazon,2024-01-09,2,9656.16,LTL,2024-01-11,[p-a] new numina - unreleased
HK,200145200,900066,7CGHQO3J,Amazon,2024-01-09,2,7865.45,LTL,2024-01-11,[p-a] new numina - unreleased
HK,200145148,900066,72VWLCCJ,Amazon,2024-01-09,2,1455.55,LTL,2024-01-11,[p-a] new numina - unreleased
HK,200145149,900066,79TQEW1O,Amazon,2024-01-09,2,4978.7,LTL,2024-01-11,[p-a] new numina - unreleased
HK,200145201,900066,7DJ9M4QS,Amazon,2024-01-09,2,17548.61,LTL,2024-01-11,[p-a] new numina - unreleased
HK,200145080,900066,8W41WTZW,Amazon,2024-01-09,2,2442.66,LTL,2024-01-11,[p-a] new numina - unreleased
HK,200145081,900066,8BFW5U4K,Amazon,2024-01-09,2,13192.83,LTL,2024-01-11,[p-a] new numina - unreleased
HK,200145082,900066,575CFJ3C,Amazon,2024-01-09,2,3661.78,LTL,2024-01-11,[p-a] new numina - unreleased
HK,200145083,900066,3VO8I7QG,Amazon,2024-01-09,2,7623.04,LTL,2024-01-11,[p-a] new numina - unreleased
HK,200145150,900066,7G5ZXVSN,Amazon,2024-01-09,2,9219.34,LTL,2024-01-11,[p-a] new numina - unreleased
HK,200145084,900066,8ITXKAJS,Amazon,2024-01-09,2,3031.27,LTL,2024-01-11,[p-a] new numina - unreleased
HK,200145202,900066,7R454GNZ,Amazon,2024-01-09,2,5738.15,LTL,2024-01-11,[p-a] new numina - unreleased
HK,200145085,900066,7WCMRZRP,Amazon,2024-01-09,2,17919.66,LTL,2024-01-11,[p-a] new numina - unreleased
HK,200145086,900066,814C9U6E,Amazon,2024-01-09,2,2248.25,LTL,2024-01-11,[p-a] new numina - unreleased
HK,200145151,900066,8U9ABQ5H,Amazon,2024-01-09,2,4612.57,LTL,2024-01-11,[p-a] new numina - unreleased
HK,200145087,900066,5RSH7IYO,Amazon,2024-01-09,2,1169.76,LTL,2024-01-11,[p-a] new numina - unreleased
HK,200145088,900066,7O6LMW5B,Amazon,2024-01-09,2,327.66,LTL,2024-01-11,[p-a] new numina - unreleased
HK,200145089,900066,7QSCYO7W,Amazon,2024-01-09,2,11704.22,LTL,2024-01-11,[p-a] new numina - unreleased
HK,200145203,900066,7ZA69KAN,Amazon,2024-01-09,2,70158.6,LTL,2024-01-11,[p-a] new numina - unreleased
HK,200145204,900066,88IDOALM,Amazon,2024-01-09,2,2630.7,LTL,2024-01-11,[p-a] new numina - unreleased
HK,200145075,900066,54IL3R1H,Amazon,2024-01-09,2,1868.34,LTL,2024-01-11,[p-a] new numina - unreleased
HK,200145198,900066,8VC276SQ,Amazon,2024-01-09,2,21133.48,LTL,2024-01-11,[p-a] new numina - unreleased
HK,200145076,900066,3ULGMR3X,Amazon,2024-01-09,2,1753.07,LTL,2024-01-11,[p-a] new numina - unreleased
HK,200145074,900066,3DMU2YWP,Amazon,2024-01-09,2,6802.51,LTL,2024-01-11,[p-a] new numina - unreleased
HK,200145145,900003OH,114453024,Summit Racing,2024-01-09,2,3390.94,LTL,2024-01-11,"[z] intransit, awaiting invoice"
HK,200145144,900066,89L5JQ9V,Amazon,2024-01-09,2,12302.79,LTL,2024-01-11,[p-a] new numina - unreleased
HK,200145073,900066,368SNJHH,Amazon,2024-01-09,2,10939.27,LTL,2024-01-11,[p-a] new numina - unreleased
HK,200145197,900066,724WUO5D,Amazon,2024-01-09,2,12661.52,LTL,2024-01-11,[p-a] new numina - unreleased
HK,200145143,900066,3FSDSV8H,Amazon,2024-01-09,2,1014.98,LTL,2024-01-11,[p-a] new numina - unreleased
HK,200145072,900716,52361,Mt Kisco Truck & Auto,2024-01-09,2,2456.71,LTL,2024-01-11,[p-a] new numina - unreleased
HK,200145142,900066,7FE188LH,Amazon,2024-01-09,2,13375.33,LTL,2024-01-11,[p-a] new numina - unreleased
HK,200145070,902700,10-98853,Lowe Automotive,2024-01-09,2,9072.6,LTL,2024-01-11,[p-b] new numina - wip
HK,200145069,903350,14459,Any Part Group Purchasing,2024-01-09,2,2665.38,LTL,2024-01-11,[s] set to ship
HK,200145141,900066,84YAX66I,Amazon,2024-01-09,2,1873.77,LTL,2024-01-11,[p-a] new numina - unreleased
HK,200145066,903580,118-22213,Parts Authority,2024-01-09,2,1000.0,LTL,2024-01-11,[q] pending release
HK,200145140,900066,7XQ6S8VB,Amazon,2024-01-09,2,7831.22,LTL,2024-01-11,[p-a] new numina - unreleased
HK,200145063,903905,046676,RPG Supply,2024-01-09,2,5905.5,LTL,2024-01-11,[p-a] new numina - unreleased
HK,200145152,900066,7SN4KS2L,Amazon,2024-01-09,2,48514.69,LTL,2024-01-11,[p-a] new numina - unreleased
HK,200145205,900066,5LH7NJ7P,Amazon,2024-01-09,2,1991.63,LTL,2024-01-11,[p-a] new numina - unreleased
HK,200145206,900066,84SUH2VI,Amazon,2024-01-09,2,2187.02,LTL,2024-01-11,[p-a] new numina - unreleased
HK,200145207,900066,75D8H14E,Amazon,2024-01-09,2,7637.49,LTL,2024-01-11,[p-a] new numina - unreleased
HK,200145090,900066,3HN5EZ3W,Amazon,2024-01-09,2,9854.61,LTL,2024-01-11,[p-a] new numina - unreleased
HK,200145208,900066,8G878IHX,Amazon,2024-01-09,2,4166.88,LTL,2024-01-11,[p-a] new numina - unreleased
HK,200145209,900066,3MFFHNGJ,Amazon,2024-01-09,2,12068.57,LTL,2024-01-11,[p-a] new numina - unreleased
HK,200145091,900066,7PPL48JN,Amazon,2024-01-09,2,3249.45,LTL,2024-01-11,[p-a] new numina - unreleased
HK,200145092,900066,8K35VTHB,Amazon,2024-01-09,2,6208.09,LTL,2024-01-11,[p-a] new numina - unreleased
HK,200145093,900066,8I2XTMCM,Amazon,2024-01-09,2,24139.89,LTL,2024-01-11,[p-a] new numina - unreleased
HK,200145094,900066,396C53ZF,Amazon,2024-01-09,2,11396.03,LTL,2024-01-11,[p-a] new numina - unreleased
HK,200145153,900066,7MBU1SAM,Amazon,2024-01-09,2,14771.59,LTL,2024-01-11,[p-a] new numina - unreleased
HK,200145095,900066,81VBZIDK,Amazon,2024-01-09,2,886.68,LTL,2024-01-11,[p-a] new numina - unreleased
HK,200145096,900066,5EU5YQYN,Amazon,2024-01-09,2,1945.64,LTL,2024-01-11,[p-a] new numina - unreleased
HK,200145097,900066,7CR9VGJM,Amazon,2024-01-09,2,1762.48,LTL,2024-01-11,[p-a] new numina - unreleased
HK,200145098,900066,8MJGRI9W,Amazon,2024-01-09,2,13688.96,LTL,2024-01-11,[p-a] new numina - unreleased
HK,200145154,900066,37BKIZ5Q,Amazon,2024-01-09,2,18725.7,LTL,2024-01-11,[p-a] new numina - unreleased
HK,200145155,900066,7K6BAVYU,Amazon,2024-01-09,2,11623.46,LTL,2024-01-11,[p-a] new numina - unreleased
HK,200145210,903295,01PO219633,TRI-State Enterprises,2024-01-09,2,1910.35,LTL,2024-01-11,"[z] intransit, awaiting invoice"
HK,200145212,903680,0001573X,Smith Auto Parts TS,2024-01-09,2,2072.93,LTL,2024-01-11,[p-a] new numina - unreleased
HK,200145156,900066,8PRRDU8X,Amazon,2024-01-09,2,5456.18,LTL,2024-01-11,[p-a] new numina - unreleased
HK,200145217,903185,P5-46513,Seattle Automotive Distributing,2024-01-09,2,11553.06,LTL,2024-01-11,[p-a] new numina - unreleased
HK,200145157,900066,8RMIYY3M,Amazon,2024-01-09,2,14063.05,LTL,2024-01-11,[p-a] new numina - unreleased
HK,200145099,900066,85VMCIJR,Amazon,2024-01-09,2,10336.97,LTL,2024-01-11,[p-a] new numina - unreleased
HK,200145100,900066,87FLSTXD,Amazon,2024-01-09,2,63151.98,LTL,2024-01-11,[p-a] new numina - unreleased
HK,200145218,904035,01592,C&M Automotive Warehouse,2024-01-09,2,4923.06,,2024-01-11,[p-a] new numina - unreleased
HK,200145158,900066,5SV92YMX,Amazon,2024-01-09,2,1889.72,LTL,2024-01-11,[p-a] new numina - unreleased
HK,200145159,900066,7HZRJZNC,Amazon,2024-01-09,2,17722.68,LTL,2024-01-11,[p-a] new numina - unreleased
HK,200145101,900066,7BOHZZVD,Amazon,2024-01-09,2,9924.83,LTL,2024-01-11,[p-a] new numina - unreleased
HK,200145160,900066,3XIZ4BLV,Amazon,2024-01-09,2,3042.73,LTL,2024-01-11,[p-a] new numina - unreleased
HK,200145139,900066,821RGLNK,Amazon,2024-01-09,2,3217.72,LTL,2024-01-11,[p-a] new numina - unreleased
HK,200145131,900066,8QJR4IFD,Amazon,2024-01-09,2,10177.23,LTL,2024-01-11,[p-a] new numina - unreleased
HK,200145196,900066,77O7NZPW,Amazon,2024-01-09,2,10238.63,LTL,2024-01-11,[p-a] new numina - unreleased
HK,200145195,900066,7TF4BG9R,Amazon,2024-01-09,2,2643.37,LTL,2024-01-11,[p-a] new numina - unreleased
HK,200145130,900066,8E2NHM6F,Amazon,2024-01-09,2,33503.94,LTL,2024-01-11,[p-a] new numina - unreleased
HK,200145193,900066,7VKN2CKJ,Amazon,2024-01-09,2,17519.89,LTL,2024-01-11,[p-a] new numina - unreleased
HK,200145194,900066,3BS3GV2A,Amazon,2024-01-09,2,62.34,LTL,2024-01-11,[p-a] new numina - unreleased
HK,200145192,900066,7HJJY4WZ,Amazon,2024-01-09,2,13978.34,LTL,2024-01-11,[p-a] new numina - unreleased
HK,200145129,900066,7USNBODD,Amazon,2024-01-09,2,40311.6,LTL,2024-01-11,[p-a] new numina - unreleased
HK,200145191,900066,3UW8RJJA,Amazon,2024-01-09,2,33570.36,LTL,2024-01-11,[p-a] new numina - unreleased
HK,200145128,900066,7EB9CRXY,Amazon,2024-01-09,2,8211.57,LTL,2024-01-11,[p-a] new numina - unreleased
BP,108834271,900003OH,213351823,Summit Racing,2024-01-09,2,1030.24,BOR,2024-01-11,[f] backorder in numina
BP,108834272,900003OH,313659823,Summit Racing,2024-01-09,2,850.56,BOR,2024-01-11,[f] backorder in numina
BP,108834273,900003OH,411871523,Summit Racing,2024-01-09,2,850.56,BOR,2024-01-11,[f] backorder in numina
BP,108834274,900003OH,413659923,Summit Racing,2024-01-09,2,814.42,BOR,2024-01-11,[f] backorder in numina
BP,108834275,900003OH,414017024,Summit Racing,2024-01-09,2,2086.16,BOR,2024-01-11,[d] canceled in numina
BP,108834276,900003OH,996076523,Summit Racing,2024-01-09,2,84.66,BOR,2024-01-11,[f] backorder in numina
BP,108834269,900003OH,114013924,Summit Racing,2024-01-09,2,308.02,BOR,2024-01-11,[f] backorder in numina
BP,108834270,900003OH,212104423,Summit Racing,2024-01-09,2,196.01,BOR,2024-01-11,[f] backorder in numina
BP,108834267,900003OH,112612623,Summit Racing,2024-01-09,2,705.47,BOR,2024-01-11,[f] backorder in numina
BP,108834268,900003OH,113010523,Summit Racing,2024-01-09,2,212.64,BOR,2024-01-11,[f] backorder in numina
HK,200145127,900066,7U1NL16X,Amazon,2024-01-09,2,17351.52,LTL,2024-01-11,[p-a] new numina - unreleased
BP,108833638,903640,09010427,Canadian Tire,2024-01-09,2,381.9,FDXG,2024-01-11,[q] pending release
BP,108833665,903285,P756642,Other,2024-01-09,2,0.0,FDXSA,2024-01-11,[w] printer 10 parcel
BP,108833749,903265,91862726,AutoZone,2024-01-09,2,208.89,FDXSO,2024-01-11,[w] printer 10 parcel
HK,108833433,903670,1-45834/P6635,Factory Motor Parts,2024-01-09,2,5444.32,LTL,2024-01-11,[p-a] new numina - unreleased
BP,108833552,902930,QqbR20Cyb,Amazon,2024-01-09,2,848.95,5LTL,2024-01-11,"[z] intransit, awaiting invoice"
BP,108833579,903640,09007630,Canadian Tire,2024-01-09,2,270.67,FDXG,2024-01-11,[q] pending release
BP,108833590,900001,155000989,Carparts.com,2024-01-09,2,634.43,FDXG,2024-01-11,[w] printer 10 parcel
BP,108833595,903745,1110344155,Premier Performance Inc. ,2024-01-09,2,11420.65,UPSG,2024-01-11,[b] errored out in bp
BP,108833623,902590,261485261,Rock Auto,2024-01-09,2,318.19,FDXG,2024-01-11,[r] rock auto sales PO
BP,108833637,903640,09007629,Canadian Tire,2024-01-09,2,473.39,FDXG,2024-01-11,[q] pending release
BP,108833962,902760,3935969,Turn 5 Inc,2024-01-09,2,254.44,FDXHD,2024-01-11,[w] printer 10 parcel
BP,108833990,902590,261513059,Rock Auto,2024-01-09,2,305.85,UPSG,2024-01-11,[r] rock auto sales PO
BP,108834017,903265,91867113,AutoZone,2024-01-09,2,197.52,FDXSO,2024-01-11,[w] printer 10 parcel
BP,108834099,902760,3936207,Turn 5 Inc,2024-01-09,2,425.92,FDXHD,2024-01-11,[w] printer 10 parcel
BP,108833346,903285,5007383,Other,2024-01-09,2,0.0,FDXG,2024-01-11,[w] printer 10 parcel
BP,108833393,903285,111-9012253-9071458,Other,2024-01-09,2,0.0,FDXG,2024-01-11,[w] printer 10 parcel
BP,108833107,902590,261442784,Rock Auto,2024-01-09,2,116.84,FDXG,2024-01-11,[r] rock auto sales PO
BP,108833108,902590,261442832,Rock Auto,2024-01-09,2,157.91,FDXG,2024-01-11,[r] rock auto sales PO
BP,108833233,903285,113-0329246-3331409,Other,2024-01-09,2,0.0,FDXG,2024-01-11,[w] printer 10 parcel
BP,108833286,903285,113-8311103-4358611,Other,2024-01-09,2,0.0,FDX2A,2024-01-11,[w] printer 10 parcel
BP,108833083,902590,261444128,Rock Auto,2024-01-09,2,361.77,FDXG,2024-01-11,[r] rock auto sales PO
BP,108833105,902590,261442656,Rock Auto,2024-01-09,2,264.27,FDXG,2024-01-11,[r] rock auto sales PO
BP,108833082,902590,261443656,Rock Auto,2024-01-09,2,603.59,FDXG,2024-01-11,[r] rock auto sales PO
BP,108833106,902590,261442712,Rock Auto,2024-01-09,2,153.49,FDXG,2024-01-11,[r] rock auto sales PO
BP,108833081,902590,261443511,Rock Auto,2024-01-09,2,447.59,FDXG,2024-01-11,[r] rock auto sales PO
HK,200145126,900066,5BWMI7GP,Amazon,2024-01-09,2,3767.9,LTL,2024-01-11,[p-a] new numina - unreleased
BP,108833078,902590,261441900,Rock Auto,2024-01-09,2,652.51,FDXE,2024-01-11,[r] rock auto sales PO
BP,108833079,902590,261443333,Rock Auto,2024-01-09,2,39.05,FDXG,2024-01-11,[r] rock auto sales PO
BP,108833080,902590,261443381,Rock Auto,2024-01-09,2,43.06,FDXG,2024-01-11,[r] rock auto sales PO
BP,108833077,902590,261441856,Rock Auto,2024-01-09,2,129.41,FDXG,2024-01-11,[r] rock auto sales PO
HK,200145125,900066,3YLQYR9E,Amazon,2024-01-09,2,9078.58,LTL,2024-01-11,[p-a] new numina - unreleased
HK,200145190,900066,3TTGW3VR,Amazon,2024-01-09,2,10459.17,LTL,2024-01-11,[p-a] new numina - unreleased
HK,200145124,900066,7SXVPKIO,Amazon,2024-01-09,2,11765.41,LTL,2024-01-11,[p-a] new numina - unreleased
HK,200145189,900066,8VHHNA3Q,Amazon,2024-01-09,2,2300.0,LTL,2024-01-11,[p-a] new numina - unreleased
HK,200145123,900066,33BA6YYJ,Amazon,2024-01-09,2,2807.0,LTL,2024-01-11,[p-a] new numina - unreleased
HK,200145188,900066,7125Z8HU,Amazon,2024-01-09,2,2248.74,LTL,2024-01-11,[p-a] new numina - unreleased
HK,200145122,900066,3GKDJJFN,Amazon,2024-01-09,2,3662.54,LTL,2024-01-11,[p-a] new numina - unreleased
HK,200145185,900066,3EPLXFKY,Amazon,2024-01-09,2,40391.1,LTL,2024-01-11,[p-a] new numina - unreleased
HK,200145187,900066,3K9VQR5R,Amazon,2024-01-09,2,12059.99,LTL,2024-01-11,[p-a] new numina - unreleased
HK,200145121,900066,76W7XCIQ,Amazon,2024-01-09,2,26255.59,LTL,2024-01-11,[p-a] new numina - unreleased
HK,200145186,900066,8JWPFQ7B,Amazon,2024-01-09,2,3038.92,LTL,2024-01-11,[p-a] new numina - unreleased
HK,200145120,900066,86NM36QX,Amazon,2024-01-09,2,25560.29,LTL,2024-01-11,[p-a] new numina - unreleased
HK,200145119,900066,3SQP1N8I,Amazon,2024-01-09,2,9008.15,LTL,2024-01-11,[p-a] new numina - unreleased
HK,200145118,900066,5IJO6YOR,Amazon,2024-01-09,2,19527.69,LTL,2024-01-11,[p-a] new numina - unreleased
HK,200145184,900066,5M97E7EV,Amazon,2024-01-09,2,2132.15,LTL,2024-01-11,[p-a] new numina - unreleased
HK,200145183,900066,7M12VZTJ,Amazon,2024-01-09,2,1775.06,LTL,2024-01-11,[p-a] new numina - unreleased
HK,200145182,900066,8XXSIXUL,Amazon,2024-01-09,2,35314.47,LTL,2024-01-11,[p-a] new numina - unreleased
HK,200145117,900066,7QC5DSGT,Amazon,2024-01-09,2,5048.15,LTL,2024-01-11,[p-a] new numina - unreleased
HK,200145181,900066,8KOP6EEH,Amazon,2024-01-09,2,53370.39,LTL,2024-01-11,[p-a] new numina - unreleased
HK,200144864,900066,6BLQCJKL,Amazon,2024-01-08,3,14906.81,LTL,2024-01-11,[h] amazon on file
HK,200145012,903580,65-17393,Parts Authority,2024-01-08,3,3509.61,LTL,2024-01-11,[p-b] new numina - wip
HK,200145013,903580,70-54638,Parts Authority,2024-01-08,3,2187.75,LTL,2024-01-11,[p-a] new numina - unreleased
HK,200145011,903580,62-6426,Parts Authority,2024-01-08,3,10537.98,LTL,2024-01-11,[p-b] new numina - wip
HK,200144861,900066,3MKPGK5D,Amazon,2024-01-08,3,35926.58,LTL,2024-01-11,[p-a] new numina - unreleased
HK,200145010,903580,44-85134,Parts Authority,2024-01-08,3,3776.64,LTL,2024-01-11,[s] set to ship
HK,200144865,900066,36ZQOF7E,Amazon,2024-01-08,3,20719.59,LTL,2024-01-11,"[z] intransit, awaiting invoice"
HK,200145014,903580,80-20506,Parts Authority,2024-01-08,3,6491.13,LTL,2024-01-11,[p-e] new numina - staged
HK,200145016,902700,60-14994,Lowe Automotive,2024-01-08,3,2481.88,LTL,2024-01-11,[p-a] new numina - unreleased
HK,200145021,900068,130882,Maverick Auto,2024-01-08,3,2349.39,LTL,2024-01-11,[p-a] new numina - unreleased
HK,200145020,903735,99-56580,Moog Louisville Warehouse Inc.,2024-01-08,3,1919.02,LTL,2024-01-11,[s] set to ship
HK,200145025,903995,PWS010524VA01,CarParts.com,2024-01-08,3,73666.01,LTL,2024-01-11,[p-b] new numina - wip
HK,200144868,900066,32TSBIID,Amazon,2024-01-08,3,6698.59,LTL,2024-01-11,"[z] intransit, awaiting invoice"
HK,200144869,900066,3I9MYRIT,Amazon,2024-01-08,3,15157.17,LTL,2024-01-11,[s] set to ship
HK,200145023,904160,23095297,PEPSICO FRITO-LAY,2024-01-08,3,2199.6,LTL,2024-01-11,[p-a] new numina - unreleased
HK,200144870,900066,6QPLB7VE,Amazon,2024-01-08,3,34702.49,LTL,2024-01-11,[p-a] new numina - unreleased
HK,200144871,900066,3434FGKJ,Amazon,2024-01-08,3,2348.62,LTL,2024-01-11,[s] set to ship
HK,200145026,903995,PWS010524GP01,CarParts.com,2024-01-08,3,101616.45,LTL,2024-01-11,[p-b] new numina - wip
HK,200144874,900066,61KXLC3I,Amazon,2024-01-08,3,12352.99,LTL,2024-01-11,[h] amazon on file
HK,200144877,900066,2PKP3MIX,Amazon,2024-01-08,3,7315.75,LTL,2024-01-11,[s] set to ship
HK,200144878,900066,35GR83SS,Amazon,2024-01-08,3,5642.86,LTL,2024-01-11,[h] amazon on file
HK,200144881,900066,76O17DVE,Amazon,2024-01-08,3,6503.49,LTL,2024-01-11,[s] set to ship
HK,200144882,900066,3J1MPFPZ,Amazon,2024-01-08,3,11127.88,LTL,2024-01-11,[p-b] new numina - wip
BP,108831709,903265,22798512,AutoZone,2024-01-08,3,1079.81,,2024-01-11,"[z] intransit, awaiting invoice"
BP,108831708,902670,49981453-4CPXYV,CarID,2024-01-08,3,26.85,,2024-01-11,[w] printer 10 parcel
BP,108831899,903730,1/8/24,Al's Automotive Supply,2024-01-08,3,347.84,FDXSA,2024-01-11,[w] printer 10 parcel
HK,200144884,900066,328CTCPU,Amazon,2024-01-08,3,43371.91,LTL,2024-01-11,[z-a] pick-up required to invoice
BP,108831753,902760,3933420,Turn 5 Inc,2024-01-08,3,232.03,FDXHD,2024-01-11,[w] printer 10 parcel
BP,108831922,903265,91820719,AutoZone,2024-01-08,3,2073.88,FEDPO,2024-01-11,[w] printer 10 parcel
BP,108832097,902760,3933640,Turn 5 Inc,2024-01-08,3,412.7,FDXHD,2024-01-11,[w] printer 10 parcel
BP,108832177,902530,QHg9Dlx6b,Amazon-Callahan,2024-01-08,3,768.29,2LTL,2024-01-11,"[z] intransit, awaiting invoice"
HK,200145027,903995,PWS010524JX01,CarParts.com,2024-01-08,3,26561.67,LTL,2024-01-11,[p-b] new numina - wip
HK,200145029,903350,85813,Any Part Group Purchasing,2024-01-08,3,2289.46,LTL,2024-01-11,"[z] intransit, awaiting invoice"
HK,200145032,900120,2001NM8849,TPH Holdings,2024-01-08,3,22117.39,LTL,2024-01-11,[p-a] new numina - unreleased
HK,200144885,900066,3GEVDNNE,Amazon,2024-01-08,3,21061.1,LTL,2024-01-11,[p-a] new numina - unreleased
HK,200145035,900120,2001NM8942,TPH Holdings,2024-01-08,3,26857.64,LTL,2024-01-11,[p-b] new numina - wip
HK,200145036,900120,2299NM8900,TPH Holdings,2024-01-08,3,10887.94,LTL,2024-01-11,[p-a] new numina - unreleased
HK,200144887,900066,5T6BSJWJ,Amazon,2024-01-08,3,7500.7,LTL,2024-01-11,[p-b] new numina - wip
HK,200145038,900120,2020NM8988,TPH Holdings,2024-01-08,3,7305.24,LTL,2024-01-11,[p-b] new numina - wip
HK,200144892,900066,6JMC1JWZ,Amazon,2024-01-08,3,14400.44,LTL,2024-01-11,[s] set to ship
HK,200145039,900120,2105NM8943,TPH Holdings,2024-01-08,3,44430.73,LTL,2024-01-11,[p-b] new numina - wip
HK,200144894,900066,6758ENNB,Amazon,2024-01-08,3,44219.58,LTL,2024-01-11,[s] set to ship
HK,200145040,900120,2295NM8891,TPH Holdings,2024-01-08,3,4991.62,LTL,2024-01-11,[p-a] new numina - unreleased
HK,200145041,900120,2295NM8944,TPH Holdings,2024-01-08,3,5377.62,LTL,2024-01-11,"[z] intransit, awaiting invoice"
HK,200145042,900120,2105NM8877,TPH Holdings,2024-01-08,3,36917.32,LTL,2024-01-11,[p-a] new numina - unreleased
HK,200145043,900120,2299NM8945,TPH Holdings,2024-01-08,3,10233.6,LTL,2024-01-11,[p-b] new numina - wip
HK,200144895,900066,2NPXHINI,Amazon,2024-01-08,3,8604.5,LTL,2024-01-11,[s] set to ship
HK,200144897,900066,3LCLWFBR,Amazon,2024-01-08,3,22286.89,LTL,2024-01-11,[z-a] pick-up required to invoice
HK,200145046,903545,235766-00,Mid America Parts Distributors,2024-01-08,3,3650.47,LTL,2024-01-11,[p-a] new numina - unreleased
HK,200145048,903205,DS1253-0408,Auto-Wares Warren,2024-01-08,3,2328.77,LTL,2024-01-11,[p-a] new numina - unreleased
HK,200144955,903580,319-16693,Parts Authority,2024-01-08,3,2055.49,LTL,2024-01-11,[p-a] new numina - unreleased
HK,200144956,903580,330-38902,Parts Authority,2024-01-08,3,5501.65,LTL,2024-01-11,[p-b] new numina - wip
HK,200144954,903580,317-31188,Parts Authority,2024-01-08,3,9767.26,LTL,2024-01-11,[p-b] new numina - wip
HK,200144953,903580,316-18640,Parts Authority,2024-01-08,3,2310.25,LTL,2024-01-11,[p-a] new numina - unreleased
HK,200144952,903580,31-55437,Parts Authority,2024-01-08,3,24903.52,LTL,2024-01-11,[p-b] new numina - wip
HK,200144951,903580,314-22303,Parts Authority,2024-01-08,3,4874.1,LTL,2024-01-11,[p-b] new numina - wip
HK,200144950,903580,313-16654,Parts Authority,2024-01-08,3,7159.61,LTL,2024-01-11,[p-b] new numina - wip
HK,200144949,903580,307-27025,Parts Authority,2024-01-08,3,2060.19,LTL,2024-01-11,[s] set to ship
HK,200144948,903580,304-72961,Parts Authority,2024-01-08,3,2685.07,LTL,2024-01-11,[p-a] new numina - unreleased
HK,200144947,903580,300-27010,Parts Authority,2024-01-08,3,2960.89,LTL,2024-01-11,[p-b] new numina - wip
HK,200144946,903580,26-58273,Parts Authority,2024-01-08,3,2021.52,LTL,2024-01-11,[p-a] new numina - unreleased
HK,200144945,903580,23-52994,Parts Authority,2024-01-08,3,2668.09,LTL,2024-01-11,"[z] intransit, awaiting invoice"
HK,200144943,903580,22-16959,Parts Authority,2024-01-08,3,7102.08,LTL,2024-01-11,[p-b] new numina - wip
HK,200144942,903580,21-35529,Parts Authority,2024-01-08,3,3141.98,LTL,2024-01-11,"[z] intransit, awaiting invoice"
HK,200144940,903580,19-96897,Parts Authority,2024-01-08,3,2570.26,LTL,2024-01-11,[s] set to ship
HK,200144939,903580,17-52418,Parts Authority,2024-01-08,3,2402.79,LTL,2024-01-11,"[z] intransit, awaiting invoice"
HK,200144938,903580,16-63907,Parts Authority,2024-01-08,3,2356.34,LTL,2024-01-11,[s] set to ship
HK,200144937,903580,15-56140,Parts Authority,2024-01-08,3,2135.51,LTL,2024-01-11,[p-a] new numina - unreleased
HK,200144936,903580,1-39407,Parts Authority,2024-01-08,3,2079.38,LTL,2024-01-11,[p-a] new numina - unreleased
HK,200144935,903580,12-88801,Parts Authority,2024-01-08,3,2156.78,LTL,2024-01-11,"[z] intransit, awaiting invoice"
HK,200144934,903580,125-70622,Parts Authority,2024-01-08,3,4685.8,LTL,2024-01-11,[p-a] new numina - unreleased
HK,200144931,900003OH,314283124,Summit Racing,2024-01-08,3,19277.51,LTL,2024-01-11,"[z] intransit, awaiting invoice"
HK,200144933,903580,11-19206,Parts Authority,2024-01-08,3,2041.85,LTL,2024-01-11,[z-a] pick-up required to invoice
HK,200144930,900003OH,414283224,Summit Racing,2024-01-08,3,81040.37,LTL,2024-01-11,[p-f] new numina - errored out
HK,200144929,900003OH,114282724,Summit Racing,2024-01-08,3,33942.95,LTL,2024-01-11,[p-f] new numina - errored out
HK,200144924,903855,05QU9952,Wilson Automotive Warehouse,2024-01-08,3,30050.3,LTL,2024-01-11,[p-b] new numina - wip
HK,200144923,903350,22182,Any Part Group Purchasing,2024-01-08,3,2175.15,LTL,2024-01-11,"[z] intransit, awaiting invoice"
HK,200144920,903305,01QV9566,Samuels Distributing Co,2024-01-08,3,12825.07,LTL,2024-01-11,[p-b] new numina - wip
HK,200144899,900066,62I2FV8X,Amazon,2024-01-08,3,9627.97,LTL,2024-01-11,[s] set to ship
HK,200144900,900066,75L9BX8V,Amazon,2024-01-08,3,13300.8,LTL,2024-01-11,[p-b] new numina - wip
HK,200144903,903795,1103SA9058,Hahn Automotive,2024-01-08,3,1247.7,LTL,2024-01-11,[p-a] new numina - unreleased
HK,200144906,900066,1R9P1TCG,Amazon,2024-01-08,3,3638.6,LTL,2024-01-11,"[z] intransit, awaiting invoice"
HK,200144907,900066,7VSNW9OA,Amazon,2024-01-08,3,47576.7,LTL,2024-01-11,[p-c] new numina - picked
HK,200144919,902830,09970,Car Parts Warehouse,2024-01-08,3,2768.37,LTL,2024-01-11,[p-c] new numina - picked
HK,200144918,902830,09570,Car Parts Warehouse,2024-01-08,3,14449.31,LTL,2024-01-11,[p-b] new numina - wip
HK,200144917,902830,02388,Car Parts Warehouse,2024-01-08,3,1839.23,LTL,2024-01-11,[s] set to ship
HK,200144916,902830,01424,Car Parts Warehouse,2024-01-08,3,4730.91,LTL,2024-01-11,[p-a] new numina - unreleased
HK,200144915,902830,01418,Car Parts Warehouse,2024-01-08,3,22084.26,LTL,2024-01-11,[p-b] new numina - wip
HK,200144914,903305,02QV9565,Samuels Distributing Co,2024-01-08,3,2328.58,LTL,2024-01-11,[s] set to ship
HK,200144911,903400,05NL9726,Autopro LLC,2024-01-08,3,2790.01,LTL,2024-01-11,[s] set to ship
HK,200144909,900066,5Z1DQNXF,Amazon,2024-01-08,3,9248.28,LTL,2024-01-11,[p-b] new numina - wip
HK,200144960,903580,350-27436,Parts Authority,2024-01-08,3,24059.68,LTL,2024-01-11,[p-f] new numina - errored out
HK,200144959,903580,349-17978,Parts Authority,2024-01-08,3,9655.19,LTL,2024-01-11,[p-b] new numina - wip
HK,200144958,903580,344-19996,Parts Authority,2024-01-08,3,24933.18,LTL,2024-01-11,[p-b] new numina - wip
HK,200144957,903580,331-36093,Parts Authority,2024-01-08,3,18056.91,LTL,2024-01-11,[p-b] new numina - wip
HK,200144962,903580,356-24960,Parts Authority,2024-01-08,3,21429.59,LTL,2024-01-11,[p-b] new numina - wip
HK,200144961,903580,3-53202,Parts Authority,2024-01-08,3,2031.67,LTL,2024-01-11,[s] set to ship
HK,200144963,903580,361-13491,Parts Authority,2024-01-08,3,2749.51,LTL,2024-01-11,[p-b] new numina - wip
HK,200144964,903580,36-117,Parts Authority,2024-01-08,3,2083.66,LTL,2024-01-11,"[z] intransit, awaiting invoice"
HK,200144965,903580,38-61570,Parts Authority,2024-01-08,3,2146.96,LTL,2024-01-11,[s] set to ship
HK,200144966,903580,58-46574,Parts Authority,2024-01-08,3,2076.51,LTL,2024-01-11,[p-a] new numina - unreleased
HK,200144967,903580,61-34341,Parts Authority,2024-01-08,3,2132.46,LTL,2024-01-11,[p-a] new numina - unreleased
HK,200144968,903580,71-68625,Parts Authority,2024-01-08,3,2054.18,LTL,2024-01-11,[p-a] new numina - unreleased
HK,200144969,903580,7-87999,Parts Authority,2024-01-08,3,2862.2,LTL,2024-01-11,[s] set to ship
HK,200144970,903580,8-39714,Parts Authority,2024-01-08,3,7321.25,LTL,2024-01-11,[s] set to ship
HK,200144835,900066,7RMX468T,Amazon,2024-01-08,3,35491.43,LTL,2024-01-11,"[z] intransit, awaiting invoice"
HK,200144971,903240,280002,Salvo Auto Parts,2024-01-08,3,1591.25,LTL,2024-01-11,[p-a] new numina - unreleased
HK,200144972,903240,280003,Salvo Auto Parts,2024-01-08,3,10392.04,LTL,2024-01-11,[p-b] new numina - wip
HK,200144973,903705,P1-161077,Parts Distributing Inc.,2024-01-08,3,2679.27,LTL,2024-01-11,[p-b] new numina - wip
HK,200144977,903945,2-09422,Intex Auto Parts,2024-01-08,3,4191.74,LTL,2024-01-11,[p-b] new numina - wip
HK,200144978,900500,1-177894,ACI Parts Warehousing,2024-01-08,3,12196.17,LTL,2024-01-11,[p-b] new numina - wip
HK,200144838,900066,5Q8SBZEL,Amazon,2024-01-08,3,9382.21,LTL,2024-01-11,[z-a] pick-up required to invoice
HK,200144979,900500,20-012621,ACI Parts Warehousing,2024-01-08,3,2068.74,LTL,2024-01-11,[s] set to ship
HK,200144980,900500,2-038381,ACI Parts Warehousing,2024-01-08,3,2142.92,LTL,2024-01-11,[s] set to ship
HK,200144981,900500,33-007941,ACI Parts Warehousing,2024-01-08,3,2003.34,LTL,2024-01-11,[s] set to ship
HK,200144982,900500,36-007760,ACI Parts Warehousing,2024-01-08,3,2760.38,LTL,2024-01-11,[s] set to ship
HK,200144840,900066,8U22MEJU,Amazon,2024-01-08,3,13591.29,LTL,2024-01-11,[z-a] pick-up required to invoice
HK,200144839,903795,1103SA9056,Hahn Automotive,2024-01-08,3,1529.23,LTL,2024-01-11,[p-a] new numina - unreleased
HK,200144983,900500,39-018354,ACI Parts Warehousing,2024-01-08,3,2652.12,LTL,2024-01-11,"[z] intransit, awaiting invoice"
HK,200144986,904010,5K2T5R8V,Amazon,2024-01-08,3,1571.57,LTL,2024-01-11,[s] set to ship
HK,200144987,904010,5H5AO7PX,Amazon,2024-01-08,3,921.2,LTL,2024-01-11,[s] set to ship
HK,200144985,904010,5GDAXJIR,Amazon,2024-01-08,3,1025.19,LTL,2024-01-11,[s] set to ship
HK,200144988,904010,3Q6G9NUI,Amazon,2024-01-08,3,1142.48,LTL,2024-01-11,"[z] intransit, awaiting invoice"
HK,200144990,904010,8Y9O2AIW,Amazon,2024-01-08,3,812.6,LTL,2024-01-11,[s] set to ship
HK,200144991,904010,82Y79I8B,Amazon,2024-01-08,3,342.51,LTL,2024-01-11,[s] set to ship
HK,200144992,903685,03MU2391,E & Y Distributors,2024-01-08,3,2116.0,LTL,2024-01-11,[p-a] new numina - unreleased
HK,200144843,900066,7IUCOHOZ,Amazon,2024-01-08,3,6242.9,LTL,2024-01-11,[s] set to ship
HK,200144995,904010,2GHHMI7R,Amazon,2024-01-08,3,1895.39,LTL,2024-01-11,"[z] intransit, awaiting invoice"
HK,200144844,900066,3F1CDFJS,Amazon,2024-01-08,3,16221.64,LTL,2024-01-11,[p-f] new numina - errored out
HK,200144994,904010,23ZDZLXT,Amazon,2024-01-08,3,1151.99,LTL,2024-01-11,[s] set to ship
HK,200144997,903580,101-42296,Parts Authority,2024-01-08,3,5063.37,LTL,2024-01-11,[p-b] new numina - wip
HK,200144996,904010,2RL296CD,Amazon,2024-01-08,3,425.5,LTL,2024-01-11,[s] set to ship
HK,200144998,903580,119-54374,Parts Authority,2024-01-08,3,2452.93,LTL,2024-01-11,[p-a] new numina - unreleased
HK,200144999,903580,250-27237,Parts Authority,2024-01-08,3,2419.08,LTL,2024-01-11,[p-a] new numina - unreleased
HK,200144845,900066,4KUBSAMO,Amazon,2024-01-08,3,9314.23,LTL,2024-01-11,[s] set to ship
HK,200145000,903580,251-18638,Parts Authority,2024-01-08,3,4254.23,LTL,2024-01-11,[p-b] new numina - wip
HK,200144853,900066,33R4PUVM,Amazon,2024-01-08,3,10063.55,LTL,2024-01-11,[s] set to ship
HK,200144859,900066,5PWWESTL,Amazon,2024-01-08,3,14688.49,LTL,2024-01-11,[p-b] new numina - wip
HK,200145001,903580,252-17516,Parts Authority,2024-01-08,3,2588.85,LTL,2024-01-11,[p-a] new numina - unreleased
HK,200145002,903580,253-16791,Parts Authority,2024-01-08,3,2078.53,LTL,2024-01-11,[p-a] new numina - unreleased
HK,200145003,903580,254-15138,Parts Authority,2024-01-08,3,2294.05,LTL,2024-01-11,[p-a] new numina - unreleased
HK,200145004,903580,275-50368,Parts Authority,2024-01-08,3,5914.05,LTL,2024-01-11,[p-b] new numina - wip
HK,200145005,903580,278-22788,Parts Authority,2024-01-08,3,4156.34,LTL,2024-01-11,[p-b] new numina - wip
HK,200145006,903580,32-22609,Parts Authority,2024-01-08,3,3529.03,LTL,2024-01-11,[p-a] new numina - unreleased
HK,200145007,903580,401-22497,Parts Authority,2024-01-08,3,5288.06,LTL,2024-01-11,[p-b] new numina - wip
HK,200145008,903580,431-25909,Parts Authority,2024-01-08,3,10049.27,LTL,2024-01-11,[p-b] new numina - wip
HK,200145009,903580,43-33006,Parts Authority,2024-01-08,3,2079.63,LTL,2024-01-11,[p-a] new numina - unreleased
HK,200144828,902590,261199362,Rock Auto,2024-01-07,4,102.01,FDXG,2024-01-11,[x] rock auto transfer PO
HK,200144816,903350,76510,Any Part Group Purchasing,2024-01-07,4,2705.98,LTL,2024-01-11,"[z] intransit, awaiting invoice"
BP,108831783,902760,3813699,Turn 5 Inc,2024-01-06,5,959.1,BOR,2024-01-11,[s] set to ship
BP,108831784,902760,3826035,Turn 5 Inc,2024-01-06,5,188.08,BOR,2024-01-11,[s] set to ship
BP,108831785,902760,3842377,Turn 5 Inc,2024-01-06,5,959.1,BOR,2024-01-11,[s] set to ship
BP,108831801,903910,1138274,Turn14 Distribution,2024-01-05,6,199.76,BOR,2024-01-11,[s] set to ship
BP,108831802,903910,1140137,Turn14 Distribution,2024-01-05,6,222.48,BOR,2024-01-11,[s] set to ship
BP,108831803,903910,1140150,Turn14 Distribution,2024-01-05,6,199.76,BOR,2024-01-11,[s] set to ship
BP,108828820,903180,0000945065,Meyer Distributing,2024-01-05,6,1327.06,BOR,2024-01-11,[s] set to ship
BP,108828860,902570,947067,Jegs,2024-01-05,6,211.04,BOR,2024-01-11,[s] set to ship
BP,108828530,77,TEST 3,Other,2024-01-05,6,34.18,FDXG,2024-01-11,[v] test po
BP,108828565,902570,681359,Jegs,2024-01-05,6,1485.24,BOR,2024-01-11,[s] set to ship
BP,108828618,903640,09001906,Canadian Tire,2024-01-05,6,342.5,FDXG,2024-01-11,[q] pending release
BP,108828620,903640,09004140,Canadian Tire,2024-01-05,6,509.29,FDXG,2024-01-11,[q] pending release
BP,108828354,902760,3929384,Turn 5 Inc,2024-01-05,6,28.06,FDXHD,2024-01-11,[d] canceled in numina
BP,108828386,903910,1123790,Turn14 Distribution,2024-01-05,6,197.12,BOR,2024-01-11,[s] set to ship
BP,108828387,903910,1126851,Turn14 Distribution,2024-01-05,6,171.51,BOR,2024-01-11,[s] set to ship
BP,108828390,903910,1132805,Turn14 Distribution,2024-01-05,6,514.53,BOR,2024-01-11,[s] set to ship
BP,108828391,903910,1133072,Turn14 Distribution,2024-01-05,6,171.51,BOR,2024-01-11,[s] set to ship
BP,108828392,903910,1134557,Turn14 Distribution,2024-01-05,6,171.51,BOR,2024-01-11,[s] set to ship
BP,108828393,903910,1134911,Turn14 Distribution,2024-01-05,6,171.51,BOR,2024-01-11,[s] set to ship
BP,108828388,903910,1129674,Turn14 Distribution,2024-01-05,6,171.51,BOR,2024-01-11,[f] backorder in numina
BP,108828389,903910,1131739,Turn14 Distribution,2024-01-05,6,514.53,BOR,2024-01-11,[s] set to ship
BP,108828394,903910,1140136,Turn14 Distribution,2024-01-05,6,462.84,BOR,2024-01-11,[s] set to ship
BP,108828395,903910,1141010,Turn14 Distribution,2024-01-05,6,171.51,BOR,2024-01-11,[s] set to ship
BP,108834573,902570,930083,Jegs,2024-01-05,6,17.08,BOR,2024-01-11,[f] backorder in numina
HK,200144780,903275,P1-30994,Effingham Automotive Warehouse,2024-01-05,6,2350.7,LTL,2024-01-11,[s] set to ship
HK,200144772,903295,01PO219458,TRI-State Enterprises,2024-01-05,6,24817.76,LTL,2024-01-11,[p-b] new numina - wip
HK,200144763,900120,2055NM8696,TPH Holdings,2024-01-05,6,2080.79,LTL,2024-01-11,[z-a] pick-up required to invoice
HK,200144761,900003OH,414247924,Summit Racing,2024-01-05,6,2667.54,LTL,2024-01-11,"[z] intransit, awaiting invoice"
HK,200144759,900003OH,314247824,Summit Racing,2024-01-05,6,2480.22,LTL,2024-01-11,"[z] intransit, awaiting invoice"
HK,200144760,900003OH,114247724,Summit Racing,2024-01-05,6,3512.41,LTL,2024-01-11,"[z] intransit, awaiting invoice"
HK,200144730,903670,224-00016,Factory Motor Parts,2024-01-04,7,7108.98,LTL,2024-01-11,[s] set to ship
HK,200144729,903670,224-00014,Factory Motor Parts,2024-01-04,7,30675.51,LTL,2024-01-11,[p-b] new numina - wip
HK,200144727,903855,05QU9320,Wilson Automotive Warehouse,2024-01-04,7,29650.53,LTL,2024-01-11,[p-b] new numina - wip
HK,200144728,903670,224-00015,Factory Motor Parts,2024-01-04,7,7952.41,LTL,2024-01-11,[s] set to ship
BP,108827122,902980AJW,61-001777,NAPW,2024-01-04,7,17.16,FDXG,2024-01-11,[q] pending release
BP,108827126,77,TEST 2,Other,2024-01-04,7,31.34,FDXG,2024-01-11,[v] test po
HK,200144693,903980,25RG9158,Parts Authority,2024-01-04,7,2219.25,,2024-01-11,[s] set to ship
HK,200144692,900775,99-38946,Smyth,2024-01-04,7,2733.6,LTL,2024-01-11,"[z] intransit, awaiting invoice"
HK,200144694,903735,99-56499,Moog Louisville Warehouse Inc.,2024-01-04,7,2401.83,LTL,2024-01-11,"[z] intransit, awaiting invoice"
HK,200144696,903305,01QV9104,Samuels Distributing Co,2024-01-04,7,64805.8,LTL,2024-01-11,[p-a] new numina - unreleased
HK,200144698,900500,1-177762,ACI Parts Warehousing,2024-01-04,7,13217.73,LTL,2024-01-11,[p-b] new numina - wip
HK,200144699,900500,12-046520,ACI Parts Warehousing,2024-01-04,7,3480.95,LTL,2024-01-11,[z-a] pick-up required to invoice
HK,200144700,900500,16-034317,ACI Parts Warehousing,2024-01-04,7,3298.47,LTL,2024-01-11,[p-b] new numina - wip
HK,200144701,900500,2-038364,ACI Parts Warehousing,2024-01-04,7,2091.51,LTL,2024-01-11,[s] set to ship
HK,200144702,900500,35-022815,ACI Parts Warehousing,2024-01-04,7,2431.47,LTL,2024-01-11,[s] set to ship
HK,200144703,900500,45-019834,ACI Parts Warehousing,2024-01-04,7,2347.84,LTL,2024-01-11,"[z] intransit, awaiting invoice"
HK,200144706,900716,52344,Mt Kisco Truck & Auto,2024-01-04,7,2999.23,LTL,2024-01-11,[s] set to ship
HK,200144715,900003OH,314196024,Summit Racing,2024-01-04,7,2991.36,LTL,2024-01-11,"[z] intransit, awaiting invoice"
HK,200144716,900003OH,114195824,Summit Racing,2024-01-04,7,3058.19,LTL,2024-01-11,"[z] intransit, awaiting invoice"
HK,200144717,900003OH,214195924,Summit Racing,2024-01-04,7,3267.06,LTL,2024-01-11,"[z] intransit, awaiting invoice"
HK,200144719,903580,431-25857,Parts Authority,2024-01-04,7,18562.38,LTL,2024-01-11,[p-b] new numina - wip
HK,200144723,903295,08PO037404,TRI-State Enterprises,2024-01-04,7,29398.39,LTL,2024-01-11,[p-b] new numina - wip
HK,200144662,903670,354-00866,Factory Motor Parts,2024-01-03,8,20962.47,LTL,2024-01-11,"[z] intransit, awaiting invoice"
HK,200144609,903900,R0001-28817,Nolt's Auto Parts,2024-01-03,8,4388.27,,2024-01-11,[z-a] pick-up required to invoice
HK,200144610,903900,R0007-40592,Nolt's Auto Parts,2024-01-03,8,4872.8,,2024-01-11,"[z] intransit, awaiting invoice"
HK,200144611,903900,R0008-28832,Nolt's Auto Parts,2024-01-03,8,2038.63,,2024-01-11,[z-a] pick-up required to invoice
HK,200144612,903900,R0006-42542,Nolt's Auto Parts,2024-01-03,8,1412.84,,2024-01-11,[z-a] pick-up required to invoice
HK,200144613,903900,R0002-35085,Nolt's Auto Parts,2024-01-03,8,1593.21,,2024-01-11,[z-a] pick-up required to invoice
HK,200144615,903900,R0004-40234,Nolt's Auto Parts,2024-01-03,8,1965.67,,2024-01-11,"[z] intransit, awaiting invoice"
HK,200144634,903205,62174-15_26802,Auto-Wares Warren,2024-01-03,8,7989.59,CPU,2024-01-11,[z-a] pick-up required to invoice
HK,200144641,903205,62173-15_26870,Auto-Wares Warren,2024-01-03,8,22285.03,CPU,2024-01-11,[z-a] pick-up required to invoice
HK,200144642,903205,52542-14_26869,Auto-Wares Warren,2024-01-03,8,5715.72,LTL,2024-01-11,[z-a] pick-up required to invoice
HK,200144654,903670,207-01358,Factory Motor Parts,2024-01-03,8,32679.4,LTL,2024-01-11,[p-c] new numina - picked
HK,108827017,900003OH,313659823,Summit Racing,2024-01-03,8,3225.63,BOR,2024-01-11,[z-a] pick-up required to invoice
BP,108827018,900003OH,413352223,Summit Racing,2024-01-03,8,389.48,BOR,2024-01-11,[s] set to ship
BP,108825949,903640,08997332,Canadian Tire,2024-01-03,8,495.11,FDXG,2024-01-11,[q] pending release
BP,108825977,903635,G4RS0874,Canadian Tire,2024-01-03,8,396.12,LTL,2024-01-11,[q] pending release
BP,108825947,903640,08997331,Canadian Tire,2024-01-03,8,232.61,FDXG,2024-01-11,[q] pending release
BP,108825948,903640,08997330,Canadian Tire,2024-01-03,8,187.03,FDXG,2024-01-11,[q] pending release
BP,108827014,900003OH,112612623,Summit Racing,2024-01-03,8,1347.77,BOR,2024-01-11,[s] set to ship
BP,108827016,900003OH,213659723,Summit Racing,2024-01-03,8,152.1,BOR,2024-01-11,[s] set to ship
BP,108824052,903063,EMPLOYEE,Other,2024-01-02,9,146.0,LTL,2024-01-11,[q] pending release
BP,108826972,903265,1RN021460,AutoZone,2024-01-02,9,17.06,BOR,2024-01-11,[s] set to ship
BP,108824348,903910,1135659,Turn14 Distribution,2024-01-02,9,249.15,BOR,2024-01-11,[s] set to ship
BP,108824581,903265,91719187,AutoZone,2024-01-02,9,19.62,FDX2D,2024-01-11,[d] canceled in numina
BP,108824649,900003OH,406737523,Summit Racing,2024-01-02,9,184.61,BOR,2024-01-11,[s] set to ship
BP,108823793,903285,111-6504499-2132208,Other,2024-01-02,9,0.0,FDXSO,2024-01-11,[w] printer 10 parcel
HK,200144563,902830,09526,Car Parts Warehouse,2024-01-02,9,59864.97,LTL,2024-01-11,[p-f] new numina - errored out
HK,200144474,904010,4SBHMOJE,Amazon,2024-01-02,9,865.87,LTL,2024-01-11,[z-a] pick-up required to invoice
HK,200144483,904010,4EL7Z6WR,Amazon,2024-01-02,9,467.3,LTL,2024-01-11,[z-a] pick-up required to invoice
HK,200144486,904010,1RYLNPKH,Amazon,2024-01-02,9,331.42,LTL,2024-01-11,[z-a] pick-up required to invoice
HK,200144489,904010,61O3DU6J,Amazon,2024-01-02,9,857.39,LTL,2024-01-11,[z-a] pick-up required to invoice
HK,200144481,904010,43SFIB8I,Amazon,2024-01-02,9,396.37,LTL,2024-01-11,[z-a] pick-up required to invoice
HK,200144482,904010,4BYGNEUW,Amazon,2024-01-02,9,409.74,LTL,2024-01-11,[z-a] pick-up required to invoice
HK,200144522,900120,2001NM7630,TPH Holdings,2024-01-02,9,5139.03,LTL,2024-01-11,"[z] intransit, awaiting invoice"
HK,200144525,900120,2499NM7681,TPH Holdings,2024-01-02,9,2049.03,LTL,2024-01-11,"[z] intransit, awaiting invoice"
HK,200144530,900120,2105NM7655,TPH Holdings,2024-01-02,9,9420.52,LTL,2024-01-11,"[z] intransit, awaiting invoice"
HK,200144490,904010,12Z6U4TR,Amazon,2024-01-02,9,2218.47,LTL,2024-01-11,[h] amazon on file
HK,200144531,900120,2299NM7674,TPH Holdings,2024-01-02,9,2972.0,LTL,2024-01-11,"[z] intransit, awaiting invoice"
HK,200144461,902590,260759402,Rock Auto,2024-01-01,10,3.57,FDXG,2024-01-11,[x] rock auto transfer PO
HK,200144423,900066,56RBOS2O,Amazon,2024-01-01,10,15571.49,LTL,2024-01-11,"[z] intransit, awaiting invoice"
HK,200144460,902590,260758227,Rock Auto,2024-01-01,10,177.23,FDXG,2024-01-11,[x] rock auto transfer PO
HK,200144375,902590,260700198,Rock Auto,2023-12-31,11,47.5,FDXG,2024-01-11,[x] rock auto transfer PO
HK,200144378,902590,260751501,Rock Auto,2023-12-31,11,72.78,UPSG,2024-01-11,[x] rock auto transfer PO
BP,108825488,900003OH,113351523,Summit Racing,2023-12-31,11,647.52,BOR,2024-01-11,[s] set to ship
BP,108825764,902570,223359,Jegs,2023-12-31,11,35.1,BOR,2024-01-11,[s] set to ship
BP,108823951,902570,928373,Jegs,2023-12-31,11,254.45,BOR,2024-01-11,[s] set to ship
BP,108823893,902760,3900558,Turn 5 Inc,2023-12-30,12,254.74,BOR,2024-01-11,[s] set to ship
BP,108823949,902570,924211,Jegs,2023-12-29,13,196.31,BOR,2024-01-11,[s] set to ship
BP,108819168,902760,3826035,Turn 5 Inc,2023-12-28,14,787.12,BOR,2024-01-11,[s] set to ship
BP,108818735,903640,08991292,Canadian Tire,2023-12-28,14,376.29,FDXG,2024-01-11,[q] pending release
BP,108818736,903640,08991294,Canadian Tire,2023-12-28,14,193.88,FDXG,2024-01-11,[q] pending release
BP,108818733,903640,08991295,Canadian Tire,2023-12-28,14,436.2,FDXG,2024-01-11,[q] pending release
BP,108818734,903640,08991293,Canadian Tire,2023-12-28,14,282.0,FDXG,2024-01-11,[q] pending release
BP,108817713,903265,91636454,AutoZone,2023-12-28,14,78.71,FDX2D,2024-01-11,[w] printer 10 parcel
BP,108816369,900003OH,313352023,Summit Racing,2023-12-27,15,684.71,BOR,2024-01-11,[s] set to ship
BP,108816368,900003OH,108775923,Summit Racing,2023-12-27,15,141.56,BOR,2024-01-11,[s] set to ship
HK,200144116,903205,52509-14_25788,Auto-Wares Warren,2023-12-27,15,7371.54,LTL,2024-01-11,[s] set to ship
HK,200143934,900066,87PU46NW,Amazon,2023-12-26,16,1362.48,LTL,2024-01-11,[h] amazon on file
HK,200144025,900001,152252521,Carparts.com,2023-12-26,16,67.07,UPS G,2024-01-11,[q] pending release
HK,200143896,904010,2RSB185P,Amazon,2023-12-26,16,746.29,LTL,2024-01-11,[z-a] pick-up required to invoice
HK,200143819,900066,4GLMUENV,Amazon,2023-12-25,17,4970.72,LTL,2024-01-11,[s] set to ship
HK,200143572,900066,2O88RAVF,Amazon,2023-12-21,21,114.3,LTL,2024-01-11,[s] set to ship
HK,200143628,900066,82TFI8XQ,Amazon,2023-12-21,21,70.2,LTL,2024-01-11,"[z] intransit, awaiting invoice"
BP,108809728,900003OH,111871223,Summit Racing,2023-12-21,21,242.57,BOR,2024-01-11,[d] canceled in numina
BP,108809057,903480,1027950,ECS Tuning LLC,2023-12-21,21,529.16,FDXG,2024-01-11,[q] pending release
BP,108818377,903110,P89543,Zip Corvette,2023-12-20,22,277.19,BOR,2024-01-11,[s] set to ship
HK,200143439,903205,52475-14_24728,Auto-Wares Warren,2023-12-20,22,10372.39,LTL,2024-01-11,[s] set to ship
BP,108821031,900003OH,313595823,Summit Racing,2023-12-19,23,663.22,BOR,2024-01-11,[s] set to ship
BP,108820649,900003OH,212612923,Summit Racing,2023-12-19,23,431.68,BOR,2024-01-11,[s] set to ship
BP,108818229,900003OH,107656323,Summit Racing,2023-12-19,23,152.49,BOR,2024-01-11,[s] set to ship
BP,108818230,900003OH,113427423,Summit Racing,2023-12-19,23,238.33,BOR,2024-01-11,[s] set to ship
BP,200142842,903565,1-173625,Eastern Auto Parts Warehouse,2023-12-18,24,69812.0,,2024-01-11,"[z] intransit, awaiting invoice"
HK,200142840,904075,000010711,Cut Rate Purchasing Corp,2023-12-18,24,3601.89,,2024-01-11,[d] canceled in numina
HK,200142790,904010,1TCLR72R,Amazon,2023-12-18,24,965.4,LTL,2024-01-11,[z-a] pick-up required to invoice
BP,108818541,902760,3898412,Turn 5 Inc,2023-12-16,26,962.87,BOR,2024-01-11,[s] set to ship
BP,108818542,902760,3898413,Turn 5 Inc,2023-12-16,26,800.3,BOR,2024-01-11,[s] set to ship
BP,108818574,900003OH,413352223,Summit Racing,2023-12-15,27,388.39,BOR,2024-01-11,[s] set to ship
BP,108821064,900003OH,412613523,Summit Racing,2023-12-15,27,205.46,BOR,2024-01-11,[s] set to ship
BP,108816603,903910,1104567,Turn14 Distribution,2023-12-15,27,125.15,BOR,2024-01-11,[s] set to ship
BP,108816604,903910,1138274,Turn14 Distribution,2023-12-15,27,429.3,BOR,2024-01-11,[s] set to ship
BP,108797532,903640,08966285,Canadian Tire,2023-12-12,30,187.34,FDXG,2024-01-11,[q] pending release
BP,108797198,900001,153339567,Carparts.com,2023-12-12,30,188.95,FDXG,2024-01-11,[d] canceled in numina
BP,108817808,903910,1133073,Turn14 Distribution,2023-12-12,30,72.45,BOR,2024-01-11,[s] set to ship
BP,108819714,903910,1133084,Turn14 Distribution,2023-12-12,30,900.95,BOR,2024-01-11,[s] set to ship
HK,200142200,903205,DS1025-0453,Auto-Wares Warren,2023-12-12,30,2176.61,LTL,2024-01-11,"[z] intransit, awaiting invoice"
HK,200142025,903670,1-33551,Factory Motor Parts,2023-12-11,31,40885.94,LTL,2024-01-11,"[z] intransit, awaiting invoice"
HK,108812707,900003OH,112612623,Summit Racing,2023-12-09,33,3869.54,BOR,2024-01-11,[d] canceled in numina
BP,108788132,902930,G4hSB8KTg,Amazon,2023-12-04,38,172.03,UPSG,2024-01-11,[k] amazon dropship
BP,108786678,903480,1020664,ECS Tuning LLC,2023-12-04,38,460.76,FDXG,2024-01-11,[q] pending release
BP,108786446,902760,3803973,Turn 5 Inc,2023-12-02,40,590.34,BOR,2024-01-11,[f] backorder in numina
BP,108786442,902760,3576746,Turn 5 Inc,2023-12-02,40,72.97,BOR,2024-01-11,[f] backorder in numina
BP,108786443,902760,3667582,Turn 5 Inc,2023-12-02,40,38.84,BOR,2024-01-11,[f] backorder in numina
BP,108786444,902760,3694781,Turn 5 Inc,2023-12-02,40,38.84,BOR,2024-01-11,[f] backorder in numina
BP,108777012,903480,1018520,ECS Tuning LLC,2023-11-28,44,460.76,UPSG,2024-01-11,[q] pending release
BP,108777402,903640,08933854,Canadian Tire,2023-11-28,44,633.9,FDXG,2024-01-11,[q] pending release
BP,108776970,903640,08931027,Canadian Tire,2023-11-28,44,359.2,FDXG,2024-01-11,[q] pending release
BP,108780621,900003OH,108775923,Summit Racing,2023-11-25,47,490.52,BOR,2024-01-11,[f] backorder in numina
BP,108780623,900003OH,102987023,Summit Racing,2023-11-23,49,57.97,BOR,2024-01-11,[f] backorder in numina
BP,108780179,900003OH,110397123,Summit Racing,2023-11-22,50,218.37,BOR,2024-01-11,[f] backorder in numina
BP,108781583,900003OH,111963723,Summit Racing,2023-11-22,50,1689.2,BOR,2024-01-11,[f] backorder in numina
BP,108781023,900003OH,110692023,Summit Racing,2023-11-22,50,247.47,BOR,2024-01-11,[f] backorder in numina
BP,108780624,900003OH,107235423,Summit Racing,2023-11-22,50,57.97,BOR,2024-01-11,[f] backorder in numina
BP,108780625,900003OH,106709023,Summit Racing,2023-11-22,50,137.73,BOR,2024-01-11,[f] backorder in numina
BP,108759923,903635,G4RS0861,Canadian Tire,2023-11-17,55,763.74,LTL,2024-01-11,[q] pending release
BP,108759924,903635,G4RS0860,Canadian Tire,2023-11-17,55,381.87,LTL,2024-01-11,[q] pending release
BP,108759925,903635,G4RS0862,Canadian Tire,2023-11-17,55,275.99,LTL,2024-01-11,[q] pending release
BP,108780150,900003OH,111067323,Summit Racing,2023-11-16,56,588.41,BOR,2024-01-11,[f] backorder in numina
BP,108780618,900003OH,101563923,Summit Racing,2023-11-15,57,172.77,BOR,2024-01-11,[f] backorder in numina
HK,TASK:32,903670,7-90734,Factory Motor Parts,2023-11-15,57,54900.17,LTL,2024-01-11,[a] invalid reference
BP,108737232,903640,08885717,Canadian Tire,2023-11-06,66,342.5,FDXG,2024-01-11,[q] pending release
BP,108737295,903640,08885713,Canadian Tire,2023-11-06,66,133.67,FDXG,2024-01-11,[q] pending release
BP,108790092,903180,0000943273,Meyer Distributing,2023-11-01,71,2102.48,BOR,2024-01-11,[d] canceled in numina
BP,108780830,900003OH,109844623,Summit Racing,2023-10-31,72,450.4,BOR,2024-01-11,[f] backorder in numina
BP,108780831,900003OH,110201423,Summit Racing,2023-10-31,72,355.46,BOR,2024-01-11,[f] backorder in numina
BP,108782530,902760,3782553,Turn 5 Inc,2023-10-26,77,349.67,BOR,2024-01-11,[f] backorder in numina
BP,108780755,900003OH,307055623,Summit Racing,2023-10-20,83,132.82,BOR,2024-01-11,[f] backorder in numina
BP,108780751,900003OH,108775923,Summit Racing,2023-10-20,83,176.72,BOR,2024-01-11,[f] backorder in numina
BP,108706784,903635,G4RS0839,Canadian Tire,2023-10-20,83,827.07,LTL,2024-01-11,[q] pending release
BP,108706786,903635,G4RS0841,Canadian Tire,2023-10-20,83,640.31,LTL,2024-01-11,[q] pending release
BP,108667289,903285,113-7793663-2222621,Other,2023-10-03,100,0.0,FDXSO,2024-01-11,[q] pending release
BP,108665954,903640,08808206,Canadian Tire,2023-10-02,101,341.51,FDXG,2024-01-11,[q] pending release
BP,108653016,903640,08797207,Canadian Tire,2023-09-26,107,332.11,FDXG,2024-01-11,[q] pending release
BP,108780545,900003OH,108768023,Summit Racing,2023-09-26,107,195.21,BOR,2024-01-11,[f] backorder in numina
BP,108780546,900003OH,109622823,Summit Racing,2023-09-26,107,194.54,BOR,2024-01-11,[f] backorder in numina
BP,108780544,900003OH,108678823,Summit Racing,2023-09-26,107,127.14,BOR,2024-01-11,[f] backorder in numina
BP,108650559,903640,08795319,Canadian Tire,2023-09-25,108,193.5,FDXG,2024-01-11,[q] pending release
BP,108650648,903640,08795315,Canadian Tire,2023-09-25,108,568.43,FDXG,2024-01-11,[q] pending release
BP,108650653,903640,08795317,Canadian Tire,2023-09-25,108,272.41,FDXG,2024-01-11,[q] pending release
BP,108635325,903640,08782729,Canadian Tire,2023-09-18,115,486.52,FDXG,2024-01-11,[q] pending release
BP,108635428,903635,G4RS0794,Canadian Tire,2023-09-18,115,256.3,LTL,2024-01-11,[q] pending release
BP,108592753,903180,P384314-057,Meyer Distributing,2023-08-28,136,376.03,FDXG,2024-01-11,[q] pending release
BP,108780533,900003OH,104950623,Summit Racing,2023-08-02,162,599.48,BOR,2024-01-11,[f] backorder in numina
BP,TASK:84,902930,GSQKFH51R,Amazon,2023-06-26,199,0.0,UPSG,2024-01-11,[u-e] rectify non-stocked
BP,108408028,903285,POMILIUCCI,Other,2023-06-20,205,0.0,FDXG,2024-01-11,[w] printer 10 parcel
HK,200079370,903063,2000 S10 2WD,Other,2022-09-07,491,146.41,CPU,2024-01-11,[q] pending release
BP,TASK:203,903285,CPZ372021730,Other,2022-01-11,730,0.0,FDXG,2024-01-11,[a] invalid reference
BP,105253818,903285,111-2765222-7054636,Other,2020-06-02,1318,0.0,FDXSO,2024-01-11,[q] pending release
